[
  {
    "name": "https://s3.amazonaws.com/mc-imt/vehicle/2019Y0169/detail_damage2/17724/medium/20190205_162825.jpg",
    "url": "https://s3.amazonaws.com/mc-imt/vehicle/2019Y0169/detail_damage2/17724/medium/20190205_162825.jpg",
    "videoName": "",
    "attributes": null,
    "timestamp": 10000,
    "index": 0,
    "labels": [
      {
        "id": 0,
        "category": "door",
        "attributes": {
          "Big": false,
          "Damaged": true,
          "Front - Rear": [
            1,
            "F"
          ],
          "Left - Right": [
            2,
            "R"
          ],
          "Thin": false
        },
        "manual": true,
        "box2d": null,
        "poly2d": [
          {
            "vertices": [
              [
                106.35689851767387,
                83.20980615735462
              ],
              [
                115.93500570125425,
                117.93044469783352
              ],
              [
                132.09806157354615,
                179.58950969213228
              ],
              [
                141.07753705815279,
                234.6636259977195
              ],
              [
                155.44469783352335,
                330.4446978335234
              ],
              [
                152.45153933865447,
                343.6145952109464
              ],
              [
                218.30102622576965,
                341.8187001140251
              ],
              [
                326.054732041049,
                339.42417331813
              ],
              [
                418.2440136830102,
                338.22690992018244
              ],
              [
                524.8004561003421,
                343.6145952109464
              ],
              [
                542.1607753705815,
                343.6145952109464
              ],
              [
                552.9361459521094,
                338.22690992018244
              ],
              [
                565.5074116305587,
                303.50627137970355
              ],
              [
                575.6841505131129,
                276.5678449258837
              ],
              [
                593.6431014823261,
                204.73204104903078
              ],
              [
                602.023945267959,
                125.11402508551882
              ]
            ],
            "types": "LLLLLLLLLLLLLLLL",
            "closed": true
          }
        ],
        "box3d": null
      },
      {
        "id": 1,
        "category": "scratch",
        "attributes": {
          "Big": false,
          "Damaged": true,
          "Front - Rear": [
            1,
            "F"
          ],
          "Left - Right": [
            2,
            "R"
          ],
          "Thin": false
        },
        "manual": true,
        "box2d": null,
        "poly2d": [
          {
            "vertices": [
              [
                165.6214367160775,
                270.58152793614596
              ],
              [
                216.50513112884832,
                272.37742303306726
              ],
              [
                299.71493728620294,
                273.5746864310148
              ],
              [
                350.59863169897375,
                276.5678449258837
              ],
              [
                401.48232611174456,
                272.37742303306726
              ],
              [
                431.4139110604333,
                269.98289623717216
              ],
              [
                482.2976054732041,
                266.9897377423033
              ],
              [
                520.6100342075256,
                265.193842645382
              ],
              [
                554.7320410490307,
                269.3842645381984
              ],
              [
                579.8745724059293,
                266.9897377423033
              ],
              [
                563.7115165336373,
                310.68985176738886
              ],
              [
                552.9361459521094,
                338.22690992018244
              ],
              [
                524.8004561003421,
                337.0296465222349
              ],
              [
                424.8289623717218,
                332.8392246294185
              ],
              [
                309.8916761687571,
                333.43785632839223
              ],
              [
                217.1037628278221,
                334.6351197263398
              ],
              [
                158.43785632839223,
                337.6282782212087
              ],
              [
                156.6419612314709,
                314.28164196123146
              ],
              [
                156.04332953249713,
                292.13226909920184
              ]
            ],
            "types": "LLLLLLLLLLLLLLLLLLL",
            "closed": true
          }
        ],
        "box3d": null
      },
      {
        "id": 3,
        "category": "scratch",
        "attributes": {
          "Big": false,
          "Damaged": true,
          "Front - Rear": [
            1,
            "F"
          ],
          "Left - Right": [
            2,
            "R"
          ],
          "Thin": false
        },
        "manual": true,
        "box2d": null,
        "poly2d": [
          {
            "vertices": [
              [
                146.46522234891674,
                238.85404789053592
              ],
              [
                190.76396807297604,
                238.85404789053592
              ],
              [
                249.4298745724059,
                236.45952109464082
              ],
              [
                305.1026225769669,
                230.4732041049031
              ],
              [
                343.4150513112885,
                231.07183580387687
              ],
              [
                394.89737742303305,
                227.4800456100342
              ],
              [
                394.89737742303305,
                220.8950969213227
              ],
              [
                296.7217787913341,
                224.48688711516533
              ],
              [
                208.72291904218926,
                228.078677309008
              ],
              [
                145.2679589509692,
                232.26909920182442
              ]
            ],
            "types": "LLLLLLLLLL",
            "closed": true
          }
        ],
        "box3d": null
      },
      {
        "id": 4,
        "category": "fender",
        "attributes": {
          "Big": false,
          "Damaged": true,
          "Front - Rear": [
            1,
            "F"
          ],
          "Left - Right": [
            2,
            "R"
          ],
          "Thin": false
        },
        "manual": true,
        "box2d": null,
        "poly2d": [
          {
            "vertices": [
              [
                604.418472063854,
                74.23033067274801
              ],
              [
                633.1527936145951,
                77.22348916761688
              ],
              [
                665.478905359179,
                80.21664766248576
              ],
              [
                679.2474344355758,
                74.82896237172179
              ],
              [
                699.0022805017103,
                85.00570125427595
              ],
              [
                699.6009122006841,
                231.67046750285064
              ],
              [
                644.5267958950968,
                261.60205245153935
              ],
              [
                611.0034207525656,
                289.139110604333
              ],
              [
                607.4116305587229,
                305.90079817559865
              ],
              [
                594.2417331812999,
                338.22690992018244
              ],
              [
                581.0718358038769,
                377.1379703534778
              ],
              [
                553.5347776510832,
                377.1379703534778
              ],
              [
                537.3717217787913,
                359.17901938426456
              ],
              [
                552.9361459521094,
                338.22690992018244
              ],
              [
                562.5142531356898,
                325.0570125427594
              ],
              [
                582.2690992018244,
                269.3842645381984
              ],
              [
                593.6431014823261,
                204.73204104903078
              ],
              [
                604.418472063854,
                121.52223489167618
              ]
            ],
            "types": "LLLLLLLLLLLLLLLLLL",
            "closed": true
          }
        ],
        "box3d": null
      },
      {
        "id": 5,
        "category": "crack",
        "attributes": {
          "Big": false,
          "Damaged": true,
          "Front - Rear": [
            1,
            "F"
          ],
          "Left - Right": [
            2,
            "R"
          ],
          "Thin": false
        },
        "manual": true,
        "box2d": null,
        "poly2d": [
          {
            "vertices": [
              [
                556.5279361459521,
                310.68985176738886
              ],
              [
                611.0034207525656,
                289.139110604333
              ],
              [
                616.9897377423032,
                288.5404789053592
              ],
              [
                616.9897377423032,
                294.52679589509694
              ],
              [
                612.7993158494869,
                305.30216647662485
              ],
              [
                552.3375142531356,
                333.43785632839223
              ]
            ],
            "types": "LLLLLL",
            "closed": true
          }
        ],
        "box3d": null
      },
      {
        "id": 6,
        "category": "scratch",
        "attributes": {
          "Big": false,
          "Damaged": true,
          "Front - Rear": [
            1,
            "F"
          ],
          "Left - Right": [
            2,
            "R"
          ],
          "Thin": false
        },
        "manual": true,
        "box2d": null,
        "poly2d": [
          {
            "vertices": [
              [
                584.6636259977195,
                258.0102622576967
              ],
              [
                586.4595210946408,
                266.39110604332956
              ],
              [
                575.6841505131129,
                298.71721778791334
              ],
              [
                604.418472063854,
                287.94184720638543
              ],
              [
                615.1938426453819,
                280.7582668187001
              ],
              [
                625.9692132269098,
                273.5746864310148
              ],
              [
                624.7719498289623,
                249.03078677309009
              ]
            ],
            "types": "LLLLLLL",
            "closed": true
          }
        ],
        "box3d": null
      }
    ]
  },
  {
    "name": "https://s3.amazonaws.com/mc-imt/vehicle/2019Y0169/detail_damage1/17723/medium/20190205_162820.jpg",
    "url": "https://s3.amazonaws.com/mc-imt/vehicle/2019Y0169/detail_damage1/17723/medium/20190205_162820.jpg",
    "videoName": "",
    "attributes": null,
    "timestamp": 10000,
    "index": 1,
    "labels": [
      {
        "id": 7,
        "category": "fender",
        "attributes": {
          "Big": false,
          "Damaged": true,
          "Front - Rear": [
            1,
            "F"
          ],
          "Left - Right": [
            2,
            "R"
          ],
          "Thin": false
        },
        "manual": true,
        "box2d": null,
        "poly2d": [
          {
            "vertices": [
              [
                162.02964652223488,
                66.44811858608894
              ],
              [
                184.1790193842645,
                68.84264538198404
              ],
              [
                225.48460661345493,
                74.82896237172179
              ],
              [
                256.01482326111744,
                74.23033067274801
              ],
              [
                270.381984036488,
                64.05359179019385
              ],
              [
                296.7217787913341,
                74.23033067274801
              ],
              [
                350,
                88.59749144811859
              ],
              [
                402.08095781071836,
                98.17559863169897
              ],
              [
                475.1140250855188,
                110.74686431014824
              ],
              [
                520.0114025085519,
                120.32497149372863
              ],
              [
                552.9361459521094,
                140.07981755986316
              ],
              [
                550.5416191562143,
                152.05245153933865
              ],
              [
                566.1060433295324,
                155.04561003420753
              ],
              [
                596.636259977195,
                171.8072976054732
              ],
              [
                618.1870011402508,
                198.14709236031928
              ],
              [
                628.9623717217787,
                232.8677309007982
              ],
              [
                520.6100342075256,
                244.84036488027365
              ],
              [
                483.49486887115165,
                256.2143671607754
              ],
              [
                442.787913340935,
                238.85404789053592
              ],
              [
                411.06043329532497,
                234.6636259977195
              ],
              [
                367.9589509692132,
                232.8677309007982
              ],
              [
                338.6259977194983,
                238.25541619156215
              ],
              [
                304.50399087799315,
                253.22120866590652
              ],
              [
                272.1778791334093,
                274.1733181299886
              ],
              [
                252.4230330672748,
                302.90763968072974
              ],
              [
                245.2394526795895,
                344.81185860889394
              ],
              [
                243.44355758266818,
                404.67502850627136
              ],
              [
                212.9133409350057,
                405.27366020524516
              ],
              [
                202.13797035347775,
                377.73660205245153
              ],
              [
                184.77765108323828,
                377.73660205245153
              ],
              [
                181.18586088939566,
                366.3625997719498
              ],
              [
                193.7571265678449,
                363.9680729760547
              ],
              [
                200.9407069555302,
                357.3831242873432
              ],
              [
                194.95438996579244,
                295.7240592930445
              ]
            ],
            "types": "LLLLLLLLLLLLLLLLLLLLLLLLLLLLLLLLLL",
            "closed": true
          }
        ],
        "box3d": null
      },
      {
        "id": 8,
        "category": "crack",
        "attributes": {
          "Big": false,
          "Damaged": true,
          "Front - Rear": [
            1,
            "F"
          ],
          "Left - Right": [
            2,
            "R"
          ],
          "Thin": false
        },
        "manual": true,
        "box2d": null,
        "poly2d": [
          {
            "vertices": [
              [
                193.7571265678449,
                351.99543899657925
              ],
              [
                213.51197263397947,
                334.03648802736603
              ],
              [
                248.83124287343213,
                309.4925883694413
              ],
              [
                255.41619156214367,
                324.4583808437856
              ],
              [
                228.4777651083238,
                341.22006841505134
              ],
              [
                197.34891676168755,
                362.1721778791334
              ]
            ],
            "types": "LLLLLL",
            "closed": true
          }
        ],
        "box3d": null
      },
      {
        "id": 9,
        "category": "scratch",
        "attributes": {
          "Big": false,
          "Damaged": true,
          "Front - Rear": [
            1,
            "F"
          ],
          "Left - Right": [
            2,
            "R"
          ],
          "Thin": false
        },
        "manual": true,
        "box2d": null,
        "poly2d": [
          {
            "vertices": [
              [
                193.7571265678449,
                280.7582668187001
              ],
              [
                194.95438996579244,
                295.7240592930445
              ],
              [
                200.34207525655643,
                341.8187001140251
              ],
              [
                216.50513112884832,
                326.8529076396807
              ],
              [
                238.0558722919042,
                313.0843785632839
              ],
              [
                254.21892816419611,
                296.32269099201824
              ],
              [
                267.38882554161916,
                277.76510832383127
              ],
              [
                272.7765108323831,
                256.2143671607754
              ],
              [
                254.8175598631699,
                267.5883694412771
              ],
              [
                239.25313568985175,
                276.5678449258837
              ],
              [
                233.8654503990878,
                278.9623717217788
              ]
            ],
            "types": "LLLLLLLLLLL",
            "closed": true
          }
        ],
        "box3d": null
      },
      {
        "id": 10,
        "category": "door",
        "attributes": {
          "Big": false,
          "Damaged": true,
          "Front - Rear": [
            1,
            "F"
          ],
          "Left - Right": [
            2,
            "R"
          ],
          "Thin": false
        },
        "manual": true,
        "box2d": null,
        "poly2d": [
          {
            "vertices": [
              [
                0,
                112.54275940706955
              ],
              [
                167.41733181299884,
                128.70581527936147
              ],
              [
                194.35575826681867,
                312.48574686431016
              ],
              [
                199.14481185860888,
                368.1584948688712
              ],
              [
                160.83238312428733,
                366.9612314709236
              ],
              [
                107.55416191562142,
                363.36944127708097
              ],
              [
                44.09920182440135,
                362.1721778791334
              ],
              [
                0.39908779931582683,
                362.77080957810716
              ]
            ],
            "types": "LLLLLLLL",
            "closed": true
          }
        ],
        "box3d": null
      },
      {
        "id": 11,
        "category": "scratch",
        "attributes": {
          "Big": false,
          "Damaged": true,
          "Front - Rear": [
            1,
            "F"
          ],
          "Left - Right": [
            2,
            "R"
          ],
          "Thin": false
        },
        "manual": true,
        "box2d": null,
        "poly2d": [
          {
            "vertices": [
              [
                0,
                287.94184720638543
              ],
              [
                53.07867730900796,
                289.73774230330673
              ],
              [
                88.99657924743441,
                293.3295324971494
              ],
              [
                131.4994298745724,
                290.9350057012543
              ],
              [
                189.5667046750285,
                289.139110604333
              ],
              [
                195.55302166476622,
                343.6145952109464
              ],
              [
                139.28164196123146,
                342.41733181299884
              ],
              [
                60.262257696693254,
                338.22690992018244
              ],
              [
                1.5963511972633753,
                338.82554161915624
              ]
            ],
            "types": "LLLLLLLLL",
            "closed": true
          }
        ],
        "box3d": null
      },
      {
        "id": 12,
        "category": "bumper",
        "attributes": {
          "Big": false,
          "Damaged": true,
          "Front - Rear": [
            1,
            "F"
          ],
          "Left - Right": [
            2,
            "R"
          ],
          "Thin": false
        },
        "manual": true,
        "box2d": null,
        "poly2d": [
          {
            "vertices": [
              [
                483.49486887115165,
                256.2143671607754
              ],
              [
                521.8072976054732,
                247.83352337514253
              ],
              [
                619.3842645381983,
                237.65678449258837
              ],
              [
                642.7309007981755,
                234.06499429874572
              ],
              [
                654.703534777651,
                222.09236031927026
              ],
              [
                658.2953249714936,
                205.92930444697834
              ],
              [
                665.478905359179,
                205.92930444697834
              ],
              [
                667.2748004561003,
                232.26909920182442
              ],
              [
                669.0706955530216,
                255.01710376282782
              ],
              [
                661.8871151653362,
                288.5404789053592
              ],
              [
                642.1322690992017,
                331.64196123147093
              ],
              [
                640.3363740022804,
                342.41733181299884
              ],
              [
                548.1470923603192,
                383.7229190421893
              ],
              [
                524.2018244013683,
                384.92018244013684
              ],
              [
                533.1812998859749,
                348.4036488027366
              ],
              [
                526.5963511972634,
                304.1049030786773
              ],
              [
                508.0387685290764,
                278.363740022805
              ]
            ],
            "types": "LLLLLLLLLLLLLLLLL",
            "closed": true
          }
        ],
        "box3d": null
      },
      {
        "id": 13,
        "category": "scratch",
        "attributes": {
          "Big": false,
          "Damaged": true,
          "Front - Rear": [
            1,
            "F"
          ],
          "Left - Right": [
            2,
            "R"
          ],
          "Thin": false
        },
        "manual": true,
        "box2d": null,
        "poly2d": [
          {
            "vertices": [
              [
                530.7867730900798,
                325.65564424173317
              ],
              [
                554.133409350057,
                304.7035347776511
              ],
              [
                560.1197263397947,
                313.0843785632839
              ],
              [
                532.5826681870011,
                336.43101482326114
              ]
            ],
            "types": "LLLL",
            "closed": true
          }
        ],
        "box3d": null
      }
    ]
  },
  {
    "name": "https://s3.amazonaws.com/mc-imt/vehicle/2019Y0852/detail_damage2/17904/medium/15497321293324777008427900130618.jpg",
    "url": "https://s3.amazonaws.com/mc-imt/vehicle/2019Y0852/detail_damage2/17904/medium/15497321293324777008427900130618.jpg",
    "videoName": "",
    "attributes": null,
    "timestamp": 10000,
    "index": 8,
    "labels": [
      {
        "id": 22,
        "category": "fender",
        "attributes": {
          "Big": false,
          "Damaged": true,
          "Front - Rear": [
            2,
            "R"
          ],
          "Left - Right": [
            2,
            "R"
          ],
          "Thin": false
        },
        "manual": true,
        "box2d": null,
        "poly2d": [
          {
            "vertices": [
              [
                58.88027366020524,
                0
              ],
              [
                166.7023945267959,
                0
              ],
              [
                362.1299885974915,
                30.998859749144813
              ],
              [
                450.1847206385405,
                39.53477765108324
              ],
              [
                449.28620296465226,
                75.02622576966934
              ],
              [
                458.2713797035348,
                187.7901938426454
              ],
              [
                475.7924743443558,
                266.41049030786775
              ],
              [
                483.42987457240594,
                339.6396807297606
              ],
              [
                456.92360319270244,
                365.69669327252
              ],
              [
                466.3580387685291,
                334.69783352337515
              ],
              [
                464.11174458380844,
                314.4811858608894
              ],
              [
                462.76396807297607,
                280.78677309007986
              ],
              [
                449.28620296465226,
                257.4253135689852
              ],
              [
                425.9247434435576,
                239.90421892816423
              ],
              [
                395.3751425313569,
                232.71607753705817
              ],
              [
                365.7240592930445,
                239.45496009122007
              ],
              [
                336.9714937286203,
                257.8745724059293
              ],
              [
                322.5952109464082,
                276.7434435575827
              ],
              [
                308.21892816419614,
                305.0467502850627
              ],
              [
                306.42189281641964,
                324.3648802736602
              ],
              [
                261.945267958951,
                385.91334093500575
              ],
              [
                0,
                385.0148232611175
              ],
              [
                0,
                103.77879133409351
              ],
              [
                40.90992018244013,
                64.69327251995439
              ]
            ],
            "types": "LLLLLLLLLLLLLLLLLLLLLLLL",
            "closed": true
          }
        ],
        "box3d": null
      },
      {
        "id": 23,
        "category": "scratch",
        "attributes": {
          "Big": false,
          "Damaged": true,
          "Front - Rear": [
            2,
            "R"
          ],
          "Left - Right": [
            2,
            "R"
          ],
          "Thin": false
        },
        "manual": true,
        "box2d": null,
        "poly2d": [
          {
            "vertices": [
              [
                4.969213226909915,
                276.29418472063855
              ],
              [
                73.25655644241733,
                271.3523375142532
              ],
              [
                74.60433295324971,
                276.7434435575827
              ],
              [
                37.31584948688711,
                290.22120866590654
              ],
              [
                57.08323831242873,
                299.6556442417332
              ],
              [
                94.37172177879134,
                296.5108323831243
              ],
              [
                99.76282782212087,
                269.1060433295325
              ],
              [
                164.9053591790194,
                261.0193842645382
              ],
              [
                220.1641961231471,
                256.97605473204106
              ],
              [
                241.2793614595211,
                217.44127708095783
              ],
              [
                198.59977194982898,
                221.9338654503991
              ],
              [
                164.9053591790194,
                209.35461801596352
              ],
              [
                186.0205245153934,
                200.8187001140251
              ],
              [
                237.68529076396808,
                198.12314709236034
              ],
              [
                267.33637400228054,
                194.5290763968073
              ],
              [
                278.1185860889396,
                178.80501710376285
              ],
              [
                309.1174458380844,
                172.06613454960092
              ],
              [
                332.9281641961232,
                146.45838084378565
              ],
              [
                345.9566704675029,
                157.2405929304447
              ],
              [
                346.405929304447,
                160.3854047890536
              ],
              [
                397.1721778791334,
                153.64652223489168
              ],
              [
                407.50513112884835,
                177.90649942987457
              ],
              [
                409.3021664766249,
                188.68871151653366
              ],
              [
                425.02622576966934,
                178.80501710376285
              ],
              [
                422.3306727480046,
                152.74800456100343
              ],
              [
                453.7787913340935,
                146.45838084378565
              ],
              [
                479.83580387685294,
                295.61231470923605
              ],
              [
                465.908779931585,
                302.351197263398
              ],
              [
                465.0102622576967,
                278.09122006841505
              ],
              [
                451.5324971493729,
                254.72976054732044
              ],
              [
                421.43215507411634,
                233.1653363740023
              ],
              [
                414.6932725199544,
                215.6442417331813
              ],
              [
                348.2029646522235,
                230.91904218928167
              ],
              [
                338.3192702394527,
                252.48346636259978
              ],
              [
                305.9726339794755,
                309.98859749144816
              ],
              [
                306.42189281641964,
                324.3648802736602
              ],
              [
                267.78563283922466,
                374.2326111744584
              ],
              [
                233.64196123147093,
                378.7251995438997
              ],
              [
                221.06271379703537,
                379.1744583808438
              ],
              [
                200.8460661345496,
                366.59521094640826
              ],
              [
                177.48460661345496,
                362.10262257696695
              ],
              [
                146.93500570125428,
                354.9144811858609
              ],
              [
                130.76168757126567,
                374.6818700114025
              ],
              [
                121.77651083238312,
                375.13112884834663
              ],
              [
                120.42873432155075,
                361.6533637400228
              ],
              [
                100.212086659065,
                363.89965792474345
              ],
              [
                94.82098061573546,
                383.21778791334094
              ],
              [
                81.34321550741163,
                383.21778791334094
              ],
              [
                82.24173318129989,
                367.0444697833524
              ],
              [
                11.258836944127703,
                377.3774230330673
              ],
              [
                0.4766248574686374,
                377.82668187001144
              ],
              [
                0.02736602052450969,
                276.7434435575827
              ]
            ],
            "types": "LLLLLLLLLLLLLLLLLLLLLLLLLLLLLLLLLLLLLLLLLLLLLLLLLLLL",
            "closed": true
          }
        ],
        "box3d": null
      },
      {
        "id": 24,
        "category": "door",
        "attributes": {
          "Big": false,
          "Damaged": true,
          "Front - Rear": [
            2,
            "R"
          ],
          "Left - Right": [
            2,
            "R"
          ],
          "Thin": false
        },
        "manual": true,
        "box2d": null,
        "poly2d": [
          {
            "vertices": [
              [
                452.43101482326114,
                40.88255416191562
              ],
              [
                619.5553021664766,
                69.6351197263398
              ],
              [
                625.3956670467503,
                87.60547320410491
              ],
              [
                628.091220068415,
                107.37286202964653
              ],
              [
                626.7434435575827,
                132.08209806157356
              ],
              [
                622.2508551881414,
                161.28392246294186
              ],
              [
                614.6134549600913,
                193.18129988597494
              ],
              [
                613.714937286203,
                207.1083238312429
              ],
              [
                601.1356898517674,
                230.46978335233754
              ],
              [
                594.8460661345497,
                253.38198403648803
              ],
              [
                586.3101482326113,
                265.06271379703537
              ],
              [
                504.09578107183586,
                321.66932725199547
              ],
              [
                483.42987457240594,
                334.69783352337515
              ],
              [
                479.3865450399088,
                264.1641961231471
              ],
              [
                464.56100342075257,
                168.4720638540479
              ],
              [
                454.22805017103764,
                107.37286202964653
              ]
            ],
            "types": "LLLLLLLLLLLLLLLL",
            "closed": true
          }
        ],
        "box3d": null
      },
      {
        "id": 25,
        "category": "scratch",
        "attributes": {
          "Big": false,
          "Damaged": true,
          "Front - Rear": [
            2,
            "R"
          ],
          "Left - Right": [
            2,
            "R"
          ],
          "Thin": false
        },
        "manual": true,
        "box2d": null,
        "poly2d": [
          {
            "vertices": [
              [
                469.0535917901939,
                192.28278221208666
              ],
              [
                490.16875712656787,
                184.6453819840365
              ],
              [
                499.1539338654504,
                199.92018244013684
              ],
              [
                520.7183580387685,
                195.8768529076397
              ],
              [
                524.3124287343215,
                200.36944127708097
              ],
              [
                553.5142531356898,
                194.5290763968073
              ],
              [
                586.3101482326113,
                181.94982896237173
              ],
              [
                591.2519954389966,
                187.7901938426454
              ],
              [
                558.9053591790195,
                202.61573546180162
              ],
              [
                527.9064994298747,
                218.33979475484608
              ],
              [
                508.5883694412771,
                230.0205245153934
              ],
              [
                499.1539338654504,
                237.65792474344357
              ],
              [
                488.37172177879137,
                245.74458380843788
              ],
              [
                540.9350057012543,
                228.67274800456102
              ],
              [
                570.5860889395667,
                221.9338654503991
              ],
              [
                571.0353477765109,
                225.5279361459521
              ],
              [
                527.0079817559863,
                246.193842645382
              ],
              [
                492.4150513112885,
                265.9612314709236
              ],
              [
                480.7343215507412,
                271.3523375142532
              ]
            ],
            "types": "LLLLLLLLLLLLLLLLLLL",
            "closed": true
          }
        ],
        "box3d": null
      }
    ]
  },
  {
    "name": "https://s3.amazonaws.com/mc-imt/vehicle/2019Y1896/detail_damage1/18557/medium/image.jpg",
    "url": "https://s3.amazonaws.com/mc-imt/vehicle/2019Y1896/detail_damage1/18557/medium/image.jpg",
    "videoName": "",
    "attributes": null,
    "timestamp": 10000,
    "index": 25,
    "labels": [
      {
        "id": 28,
        "category": "crack",
        "attributes": {
          "Big": false,
          "Damaged": true,
          "Front - Rear": [
            1,
            "F"
          ],
          "Left - Right": [
            0,
            "NA"
          ],
          "Thin": true
        },
        "manual": true,
        "box2d": null,
        "poly2d": [
          {
            "vertices": [
              [
                224.13145539906102,
                492.018779342723
              ],
              [
                261.6901408450704,
                491.2676056338028
              ],
              [
                287.981220657277,
                494.2723004694835
              ],
              [
                327.0422535211267,
                498.7793427230047
              ],
              [
                324.7887323943662,
                509.2957746478873
              ],
              [
                275.2112676056338,
                522.0657276995305
              ],
              [
                254.92957746478874,
                522.0657276995305
              ],
              [
                254.17840375586854,
                509.2957746478873
              ],
              [
                221.1267605633803,
                510.7981220657277
              ]
            ],
            "types": "LLLLLLLLL",
            "closed": true
          }
        ],
        "box3d": null
      },
      {
        "id": 29,
        "category": "grille",
        "attributes": {
          "Big": false,
          "Damaged": true,
          "Front - Rear": [
            1,
            "F"
          ],
          "Left - Right": [
            0,
            "NA"
          ],
          "Thin": true
        },
        "manual": true,
        "box2d": null,
        "poly2d": [
          {
            "vertices": [
              [
                128.73239436619718,
                441.6901408450704
              ],
              [
                167.79342723004694,
                453.7089201877934
              ],
              [
                248.92018779342723,
                461.97183098591546
              ],
              [
                368.3568075117371,
                440.9389671361502
              ],
              [
                357.84037558685446,
                483.0046948356807
              ],
              [
                350.32863849765255,
                498.0281690140845
              ],
              [
                317.2769953051643,
                511.5492957746479
              ],
              [
                269.2018779342723,
                522.8169014084507
              ],
              [
                219.6244131455399,
                522.0657276995305
              ],
              [
                188.075117370892,
                514.5539906103286
              ],
              [
                151.26760563380282,
                500.28169014084506
              ],
              [
                137.74647887323943,
                489.01408450704224
              ]
            ],
            "types": "LLLLLLLLLLLL",
            "closed": true
          }
        ],
        "box3d": null
      },
      {
        "id": 30,
        "category": "bumper",
        "attributes": {
          "Big": false,
          "Damaged": true,
          "Front - Rear": [
            1,
            "F"
          ],
          "Left - Right": [
            0,
            "NA"
          ],
          "Thin": true
        },
        "manual": true,
        "box2d": null,
        "poly2d": [
          {
            "vertices": [
              [
                114.46009389671362,
                418.4037558685446
              ],
              [
                129.48356807511738,
                428.169014084507
              ],
              [
                194.0845070422535,
                440.9389671361502
              ],
              [
                254.17840375586854,
                441.6901408450704
              ],
              [
                330.7981220657277,
                433.42723004694835
              ],
              [
                405.1643192488263,
                416.9014084507042
              ],
              [
                403.6619718309859,
                467.981220657277
              ],
              [
                487.7934272300469,
                437.18309859154925
              ],
              [
                526.8544600938967,
                418.4037558685446
              ],
              [
                531.3615023474179,
                411.6431924882629
              ],
              [
                571.924882629108,
                404.8826291079812
              ],
              [
                565.9154929577464,
                476.99530516431923
              ],
              [
                568.169014084507,
                520.5633802816901
              ],
              [
                547.1361502347418,
                544.6009389671361
              ],
              [
                486.29107981220653,
                573.8967136150235
              ],
              [
                443.47417840375584,
                585.9154929577464
              ],
              [
                392.3943661971831,
                601.6901408450703
              ],
              [
                358.59154929577466,
                608.4507042253521
              ],
              [
                297.7464788732394,
                606.9483568075117
              ],
              [
                233.89671361502346,
                603.1924882629107
              ],
              [
                166.29107981220656,
                586.6666666666666
              ],
              [
                143.75586854460093,
                574.6478873239437
              ],
              [
                114.46009389671362,
                533.3333333333334
              ],
              [
                105.44600938967136,
                500.28169014084506
              ],
              [
                90.4225352112676,
                424.4131455399061
              ],
              [
                116.71361502347418,
                463.47417840375584
              ]
            ],
            "types": "LLLLLLLLLLLLLLLLLLLLLLLLLL",
            "closed": true
          }
        ],
        "box3d": null
      },
      {
        "id": 31,
        "category": "scratch",
        "attributes": {
          "Big": false,
          "Damaged": true,
          "Front - Rear": [
            1,
            "F"
          ],
          "Left - Right": [
            0,
            "NA"
          ],
          "Thin": true
        },
        "manual": true,
        "box2d": null,
        "poly2d": [
          {
            "vertices": [
              [
                293.2394366197183,
                519.0610328638497
              ],
              [
                299.2488262910798,
                561.8779342723004
              ],
              [
                366.8544600938967,
                556.6197183098591
              ],
              [
                365.3521126760563,
                576.9014084507043
              ],
              [
                393.1455399061033,
                570.1408450704225
              ],
              [
                397.6525821596244,
                527.3239436619718
              ],
              [
                383.3802816901408,
                479.2488262910798
              ],
              [
                350.32863849765255,
                498.0281690140845
              ],
              [
                348.07511737089203,
                506.29107981220653
              ]
            ],
            "types": "LLLLLLLLL",
            "closed": true
          }
        ],
        "box3d": null
      }
    ]
  },
  {
    "name": "https://s3.amazonaws.com/mc-imt/vehicle/2019Y0336/detail_damage2/17677/medium/A426DFDB-D6DA-4ED3-81DD-E1B6955D9654.jpeg",
    "url": "https://s3.amazonaws.com/mc-imt/vehicle/2019Y0336/detail_damage2/17677/medium/A426DFDB-D6DA-4ED3-81DD-E1B6955D9654.jpeg",
    "videoName": "",
    "attributes": null,
    "timestamp": 10000,
    "index": 70,
    "labels": [
      {
        "id": 1,
        "category": "scratch",
        "attributes": {
          "Big": false,
          "Damaged": true,
          "Front - Rear": [
            2,
            "R"
          ],
          "Left - Right": [
            0,
            "NA"
          ],
          "Thin": true
        },
        "manual": true,
        "box2d": null,
        "poly2d": [
          {
            "vertices": [
              [
                500.2565564424173,
                260.4047890535918
              ],
              [
                531.9840364880273,
                256.81299885974914
              ],
              [
                552.3375142531356,
                256.81299885974914
              ],
              [
                567.30330672748,
                255.6157354618016
              ],
              [
                564.908779931585,
                242.44583808437858
              ],
              [
                508.0387685290764,
                244.24173318129988
              ],
              [
                511.63055872291903,
                226.28278221208666
              ],
              [
                500.85518814139107,
                219.09920182440138
              ],
              [
                463.7400228050171,
                223.28962371721778
              ],
              [
                427.22348916761683,
                221.49372862029648
              ],
              [
                400.285062713797,
                218.5005701254276
              ],
              [
                400.8836944127708,
                231.67046750285064
              ],
              [
                455.35917901938427,
                238.85404789053592
              ],
              [
                455.35917901938427,
                253.81984036488026
              ],
              [
                430.21664766248574,
                253.81984036488026
              ],
              [
                426.02622576966934,
                272.97605473204106
              ],
              [
                422.4344355758267,
                282.5541619156214
              ],
              [
                422.4344355758267,
                301.7103762827822
              ],
              [
                437.9988597491448,
                321.46522234891677
              ],
              [
                465.53591790193843,
                301.11174458380844
              ],
              [
                494.27023945267956,
                283.1527936145952
              ],
              [
                558.3238312428734,
                271.7787913340935
              ],
              [
                557.1265678449258,
                266.39110604332956
              ],
              [
                518.8141391106043,
                268.18700114025086
              ]
            ],
            "types": "LLLLLLLLLLLLLLLLLLLLLLLL",
            "closed": true
          }
        ],
        "box3d": null
      },
      {
        "id": 2,
        "category": "scratch",
        "attributes": {
          "Big": false,
          "Damaged": true,
          "Front - Rear": [
            2,
            "R"
          ],
          "Left - Right": [
            0,
            "NA"
          ],
          "Thin": true
        },
        "manual": true,
        "box2d": null,
        "poly2d": [
          {
            "vertices": [
              [
                358.3808437856328,
                131.10034207525655
              ],
              [
                393.10148232611175,
                138.28392246294186
              ],
              [
                429.0193842645382,
                144.86887115165337
              ],
              [
                446.37970353477766,
                150.8551881413911
              ],
              [
                481.6989737742303,
                158.0387685290764
              ],
              [
                478.70581527936145,
                175.99771949828963
              ],
              [
                478.70581527936145,
                187.97035347776512
              ],
              [
                485.88939566704676,
                187.97035347776512
              ],
              [
                484.0935005701254,
                196.35119726339795
              ],
              [
                494.86887115165337,
                204.133409350057
              ],
              [
                501.4538198403649,
                204.73204104903078
              ],
              [
                502.0524515393386,
                196.94982896237173
              ],
              [
                484.6921322690992,
                177.79361459521095
              ],
              [
                495.4675028506271,
                156.84150513112886
              ],
              [
                500.2565564424173,
                126.31128848346637
              ],
              [
                470.3249714937286,
                117.33181299885975
              ],
              [
                413.4549600912201,
                104.16191562143672
              ],
              [
                381.12884834663623,
                97.5769669327252
              ],
              [
                379.33295324971493,
                109.54960091220069
              ],
              [
                394.89737742303305,
                114.93728620296466
              ],
              [
                415.8494868871152,
                124.51539338654504
              ],
              [
                415.8494868871152,
                132.2976054732041
              ],
              [
                358.3808437856328,
                117.93044469783352
              ]
            ],
            "types": "LLLLLLLLLLLLLLLLLLLLLLL",
            "closed": true
          }
        ],
        "box3d": null
      },
      {
        "id": 3,
        "category": "trunk",
        "attributes": {
          "Big": false,
          "Damaged": true,
          "Front - Rear": [
            2,
            "R"
          ],
          "Left - Right": [
            0,
            "NA"
          ],
          "Thin": true
        },
        "manual": true,
        "box2d": null,
        "poly2d": [
          {
            "vertices": [
              [
                0,
                0
              ],
              [
                0,
                308.29532497149376
              ],
              [
                25.541619156214345,
                390.9064994298746
              ],
              [
                51.88141391106041,
                417.2462941847206
              ],
              [
                66.84720638540476,
                434.00798175598635
              ],
              [
                152.45153933865447,
                437.0011402508552
              ],
              [
                311.08893956670465,
                447.7765108323831
              ],
              [
                384.7206385404789,
                447.17787913340936
              ],
              [
                414.6522234891676,
                423.8312428734322
              ],
              [
                488.8825541619156,
                419.64082098061573
              ],
              [
                515.8209806157355,
                412.4572405929305
              ],
              [
                602.023945267959,
                283.751425313569
              ],
              [
                616.3911060433295,
                272.37742303306726
              ],
              [
                657.0980615735461,
                204.73204104903078
              ],
              [
                619.9828962371721,
                210.11972633979477
              ],
              [
                502.0524515393386,
                196.94982896237173
              ],
              [
                487.68529076396806,
                179.58950969213228
              ],
              [
                536.7730900798175,
                0.5986316989737742
              ]
            ],
            "types": "LLLLLLLLLLLLLLLLLL",
            "closed": true
          }
        ],
        "box3d": null
      }
    ]
  },
  {
    "name": "https://s3.amazonaws.com/mc-imt/vehicle/2019Y1219/detail_damage2/18062/medium/image.jpg",
    "url": "https://s3.amazonaws.com/mc-imt/vehicle/2019Y1219/detail_damage2/18062/medium/image.jpg",
    "videoName": "",
    "attributes": null,
    "timestamp": 10000,
    "index": 186,
    "labels": [
      {
        "id": 9,
        "category": "bumper",
        "attributes": {
          "Big": false,
          "Damaged": true,
          "Front - Rear": [
            1,
            "F"
          ],
          "Left - Right": [
            0,
            "NA"
          ],
          "Thin": true
        },
        "manual": true,
        "box2d": null,
        "poly2d": [
          {
            "vertices": [
              [
                16.305587229190422,
                320.1824401368301
              ],
              [
                35.4618015963512,
                333.8654503990878
              ],
              [
                76.5108323831243,
                340.25085518814143
              ],
              [
                38.19840364880274,
                414.139110604333
              ],
              [
                62.82782212086659,
                426.90992018244015
              ],
              [
                142.18928164196123,
                454.27594070695557
              ],
              [
                176.85290763968075,
                465.2223489167617
              ],
              [
                238.88255416191564,
                455.18814139110606
              ],
              [
                314.5952109464082,
                449.714937286203
              ],
              [
                384.83466362599773,
                455.18814139110606
              ],
              [
                416.7616875712657,
                463.3979475484607
              ],
              [
                378.4492588369441,
                498.9737742303307
              ],
              [
                326.4538198403649,
                554.618015963512
              ],
              [
                305.4732041049031,
                581.0718358038769
              ],
              [
                231.58494868871153,
                600.2280501710377
              ],
              [
                175.94070695553023,
                606.6134549600913
              ],
              [
                132.1550741163056,
                598.4036488027366
              ],
              [
                66.47662485746865,
                567.3888255416192
              ],
              [
                18.129988597491447,
                536.3740022805017
              ],
              [
                0,
                489.8517673888256
              ],
              [
                0,
                351.19726339794755
              ]
            ],
            "types": "LLLLLLLLLLLLLLLLLLLLL",
            "closed": true
          }
        ],
        "box3d": null
      },
      {
        "id": 10,
        "category": "break",
        "attributes": {
          "Big": false,
          "Damaged": true,
          "Front - Rear": [
            1,
            "F"
          ],
          "Left - Right": [
            0,
            "NA"
          ],
          "Thin": true
        },
        "manual": true,
        "box2d": null,
        "poly2d": [
          {
            "vertices": [
              [
                72.86202964652225,
                370.3534777651083
              ],
              [
                40.022805017103764,
                426.90992018244015
              ],
              [
                106.61345496009123,
                449.714937286203
              ],
              [
                151.31128848346637,
                464.3101482326112
              ],
              [
                191.44811858608895,
                467.9589509692133
              ],
              [
                275.37058152793617,
                461.57354618015967
              ],
              [
                332.8392246294185,
                459.7491448118586
              ],
              [
                387.57126567844927,
                462.48574686431016
              ],
              [
                410.3762827822121,
                463.3979475484607
              ],
              [
                431.3568985176739,
                405.01710376282784
              ],
              [
                381.1858608893957,
                415.0513112884835
              ],
              [
                269.8973774230331,
                425.0855188141391
              ],
              [
                213.34093500570125,
                433.29532497149376
              ],
              [
                182.3261117445838,
                420.5245153933866
              ],
              [
                102.05245153933866,
                389.5096921322691
              ]
            ],
            "types": "LLLLLLLLLLLLLLL",
            "closed": true
          }
        ],
        "box3d": null
      },
      {
        "id": 11,
        "category": "crack",
        "attributes": {
          "Big": false,
          "Damaged": true,
          "Front - Rear": [
            1,
            "F"
          ],
          "Left - Right": [
            0,
            "NA"
          ],
          "Thin": true
        },
        "manual": true,
        "box2d": null,
        "poly2d": [
          {
            "vertices": [
              [
                47.32041049030787,
                457.9247434435576
              ],
              [
                90.19384264538199,
                462.48574686431016
              ],
              [
                141.27708095781074,
                472.5199543899658
              ],
              [
                163.16989737742304,
                485.290763968073
              ],
              [
                175.94070695553023,
                509.92018244013684
              ],
              [
                192.36031927023947,
                520.866590649943
              ],
              [
                210.60433295324972,
                522.6909920182441
              ],
              [
                230.67274800456102,
                519.042189281642
              ],
              [
                252.56556442417332,
                507.1835803876853
              ],
              [
                272.63397947548464,
                507.1835803876853
              ],
              [
                295.43899657924743,
                521.7787913340935
              ],
              [
                310.03420752565563,
                528.1641961231471
              ],
              [
                331.01482326111744,
                528.1641961231471
              ],
              [
                372.0638540478906,
                501.71037628278225
              ],
              [
                416.7616875712657,
                463.3979475484607
              ],
              [
                403.078677309008,
                458.83694412770814
              ],
              [
                363.8540478905359,
                482.5541619156215
              ],
              [
                316.41961231470924,
                507.1835803876853
              ],
              [
                291.7901938426454,
                500.7981755986317
              ],
              [
                274.4583808437856,
                490.76396807297607
              ],
              [
                244.35575826681873,
                489.8517673888256
              ],
              [
                213.34093500570125,
                504.4469783352338
              ],
              [
                191.44811858608895,
                505.35917901938427
              ],
              [
                181.4139110604333,
                490.76396807297607
              ],
              [
                167.7309007981756,
                472.5199543899658
              ],
              [
                141.27708095781074,
                463.3979475484607
              ],
              [
                106.61345496009123,
                449.714937286203
              ],
              [
                76.5108323831243,
                445.1539338654504
              ],
              [
                48.232611174458384,
                438.7685290763968
              ]
            ],
            "types": "LLLLLLLLLLLLLLLLLLLLLLLLLLLLL",
            "closed": true
          }
        ],
        "box3d": null
      },
      {
        "id": 12,
        "category": "scratch",
        "attributes": {
          "Big": false,
          "Damaged": true,
          "Front - Rear": [
            1,
            "F"
          ],
          "Left - Right": [
            0,
            "NA"
          ],
          "Thin": true
        },
        "manual": true,
        "box2d": null,
        "poly2d": [
          {
            "vertices": [
              [
                1.7103762827822122,
                453.363740022805
              ],
              [
                30.900798175598634,
                461.57354618015967
              ],
              [
                48.232611174458384,
                462.48574686431016
              ],
              [
                64.65222348916762,
                463.3979475484607
              ],
              [
                101.14025085518814,
                468.87115165336377
              ],
              [
                141.27708095781074,
                472.5199543899658
              ],
              [
                157.69669327251995,
                489.8517673888256
              ],
              [
                167.7309007981756,
                507.1835803876853
              ],
              [
                164.08209806157356,
                522.6909920182441
              ],
              [
                137.62827822120866,
                523.6031927023946
              ],
              [
                123.03306727480046,
                527.2519954389966
              ],
              [
                110.26225769669328,
                540.0228050171038
              ],
              [
                99.31584948688712,
                543.6716077537059
              ],
              [
                79.24743443557583,
                543.6716077537059
              ],
              [
                61.91562143671608,
                540.0228050171038
              ],
              [
                50.96921322690992,
                526.3397947548461
              ],
              [
                40.935005701254276,
                515.3933865450399
              ],
              [
                4.4469783352337515,
                492.5883694412771
              ]
            ],
            "types": "LLLLLLLLLLLLLLLLLL",
            "closed": true
          }
        ],
        "box3d": null
      },
      {
        "id": 13,
        "category": "scratch",
        "attributes": {
          "Big": false,
          "Damaged": true,
          "Front - Rear": [
            1,
            "F"
          ],
          "Left - Right": [
            0,
            "NA"
          ],
          "Thin": true
        },
        "manual": true,
        "box2d": null,
        "poly2d": [
          {
            "vertices": [
              [
                286.3169897377423,
                522.6909920182441
              ],
              [
                262.59977194982895,
                555.5302166476625
              ],
              [
                258.03876852907644,
                562.8278221208666
              ],
              [
                268.98517673888256,
                568.3010262257696
              ],
              [
                287.22919042189284,
                557.3546180159635
              ],
              [
                296.351197263398,
                545.4960091220069
              ],
              [
                308.20980615735465,
                546.4082098061574
              ],
              [
                320.9806157354618,
                531.8129988597492
              ]
            ],
            "types": "LLLLLLLL",
            "closed": true
          }
        ],
        "box3d": null
      }
    ]
  },
  {
    "name": "https://s3.amazonaws.com/mc-imt/vehicle/2019Y1219/detail_damage2/18064/medium/image.jpg",
    "url": "https://s3.amazonaws.com/mc-imt/vehicle/2019Y1219/detail_damage2/18064/medium/image.jpg",
    "videoName": "",
    "attributes": null,
    "timestamp": 10000,
    "index": 187,
    "labels": [
      {
        "id": 4,
        "category": "bumper",
        "attributes": {
          "Big": false,
          "Damaged": true,
          "Front - Rear": [
            1,
            "F"
          ],
          "Left - Right": [
            0,
            "NA"
          ],
          "Thin": true
        },
        "manual": true,
        "box2d": null,
        "poly2d": [
          {
            "vertices": [
              [
                27.25199543899658,
                317.4458380843786
              ],
              [
                83.8084378563284,
                332.0410490307868
              ],
              [
                53.70581527936146,
                379.47548460661346
              ],
              [
                43.671607753705814,
                416.8757126567845
              ],
              [
                126.68187001140251,
                428.7343215507412
              ],
              [
                234.32155074116307,
                433.29532497149376
              ],
              [
                310.03420752565563,
                429.6465222348917
              ],
              [
                364.7662485746865,
                434.20752565564425
              ],
              [
                396.6932725199544,
                446.0661345496009
              ],
              [
                344.69783352337515,
                510.8323831242874
              ],
              [
                311.85860889395667,
                568.3010262257696
              ],
              [
                231.58494868871153,
                603.8768529076397
              ],
              [
                165.90649942987457,
                620.296465222349
              ],
              [
                60.091220068415055,
                591.1060433295326
              ],
              [
                0.798175598631699,
                561.0034207525656
              ],
              [
                5.359179019384265,
                441.50513112884835
              ],
              [
                0,
                362.14367160775373
              ]
            ],
            "types": "LLLLLLLLLLLLLLLLL",
            "closed": true
          }
        ],
        "box3d": null
      },
      {
        "id": 5,
        "category": "break",
        "attributes": {
          "Big": false,
          "Damaged": true,
          "Front - Rear": [
            1,
            "F"
          ],
          "Left - Right": [
            0,
            "NA"
          ],
          "Thin": true
        },
        "manual": true,
        "box2d": null,
        "poly2d": [
          {
            "vertices": [
              [
                69.21322690992018,
                362.14367160775373
              ],
              [
                43.671607753705814,
                416.8757126567845
              ],
              [
                126.68187001140251,
                428.7343215507412
              ],
              [
                210.60433295324972,
                437.8563283922463
              ],
              [
                305.4732041049031,
                436.9441277080958
              ],
              [
                377.53705815279363,
                438.7685290763968
              ],
              [
                385.7468643101482,
                440.59293044469786
              ],
              [
                412.20068415051315,
                390.42189281641964
              ],
              [
                343.78563283922466,
                389.5096921322691
              ],
              [
                226.11174458380844,
                411.40250855188145
              ],
              [
                182.3261117445838,
                401.36830102622577
              ]
            ],
            "types": "LLLLLLLLLLL",
            "closed": true
          }
        ],
        "box3d": null
      },
      {
        "id": 6,
        "category": "crack",
        "attributes": {
          "Big": false,
          "Damaged": true,
          "Front - Rear": [
            1,
            "F"
          ],
          "Left - Right": [
            0,
            "NA"
          ],
          "Thin": true
        },
        "manual": true,
        "box2d": null,
        "poly2d": [
          {
            "vertices": [
              [
                49.1448118586089,
                439.68072976054737
              ],
              [
                114.82326111744584,
                444.24173318129994
              ],
              [
                158.60889395667047,
                452.4515393386545
              ],
              [
                171.37970353477766,
                474.34435575826683
              ],
              [
                190.53591790193843,
                495.32497149372864
              ],
              [
                215.1653363740023,
                501.71037628278225
              ],
              [
                242.53135689851769,
                485.290763968073
              ],
              [
                264.42417331813,
                477.08095781071836
              ],
              [
                289.0535917901939,
                495.32497149372864
              ],
              [
                301.82440136830104,
                509.00798175598635
              ],
              [
                333.75142531356903,
                493.5005701254276
              ],
              [
                403.9908779931585,
                447.89053591790196
              ],
              [
                390.3078677309008,
                438.7685290763968
              ],
              [
                349.2588369441277,
                463.3979475484607
              ],
              [
                308.20980615735465,
                491.6761687571266
              ],
              [
                286.3169897377423,
                471.6077537058153
              ],
              [
                260.77537058152797,
                459.7491448118586
              ],
              [
                230.67274800456102,
                466.13454960091224
              ],
              [
                214.25313568985177,
                481.64196123147093
              ],
              [
                193.27251995438996,
                479.81755986316995
              ],
              [
                180.5017103762828,
                457.0125427594071
              ],
              [
                175.0285062713797,
                440.59293044469786
              ],
              [
                138.54047890535918,
                432.38312428734326
              ],
              [
                98.40364880273661,
                425.99771949828965
              ],
              [
                50.05701254275941,
                424.1733181299886
              ]
            ],
            "types": "LLLLLLLLLLLLLLLLLLLLLLLLL",
            "closed": true
          }
        ],
        "box3d": null
      },
      {
        "id": 7,
        "category": "scratch",
        "attributes": {
          "Big": false,
          "Damaged": true,
          "Front - Rear": [
            1,
            "F"
          ],
          "Left - Right": [
            0,
            "NA"
          ],
          "Thin": true
        },
        "manual": true,
        "box2d": null,
        "poly2d": [
          {
            "vertices": [
              [
                49.1448118586089,
                439.68072976054737
              ],
              [
                105.70125427594071,
                449.714937286203
              ],
              [
                154.0478905359179,
                456.1003420752566
              ],
              [
                182.3261117445838,
                492.5883694412771
              ],
              [
                157.69669327251995,
                510.8323831242874
              ],
              [
                126.68187001140251,
                521.7787913340935
              ],
              [
                103.87685290763969,
                547.320410490308
              ],
              [
                92.93044469783352,
                560.091220068415
              ],
              [
                57.35461801596352,
                556.442417331813
              ],
              [
                6.271379703534778,
                538.1984036488028
              ],
              [
                6.271379703534778,
                493.5005701254276
              ],
              [
                5.359179019384265,
                441.50513112884835
              ]
            ],
            "types": "LLLLLLLLLLLL",
            "closed": true
          }
        ],
        "box3d": null
      },
      {
        "id": 8,
        "category": "scratch",
        "attributes": {
          "Big": false,
          "Damaged": true,
          "Front - Rear": [
            1,
            "F"
          ],
          "Left - Right": [
            0,
            "NA"
          ],
          "Thin": true
        },
        "manual": true,
        "box2d": null,
        "poly2d": [
          {
            "vertices": [
              [
                268.98517673888256,
                507.1835803876853
              ],
              [
                250.7411630558723,
                554.618015963512
              ],
              [
                253.47776510832384,
                567.3888255416192
              ],
              [
                258.03876852907644,
                568.3010262257696
              ],
              [
                274.4583808437856,
                551.8814139110605
              ],
              [
                289.96579247434437,
                531.8129988597492
              ],
              [
                300.91220068415055,
                531.8129988597492
              ],
              [
                319.15621436716077,
                506.2713797035348
              ],
              [
                297.26339794754847,
                514.4811858608895
              ],
              [
                286.3169897377423,
                500.7981755986317
              ]
            ],
            "types": "LLLLLLLLLL",
            "closed": true
          }
        ],
        "box3d": null
      }
    ]
  },
  {
    "name": "https://s3.amazonaws.com/mc-imt/vehicle/2019Y1219/detail_damage1/18065/medium/F844D88B-3482-4640-A023-C1A433344899.jpeg",
    "url": "https://s3.amazonaws.com/mc-imt/vehicle/2019Y1219/detail_damage1/18065/medium/F844D88B-3482-4640-A023-C1A433344899.jpeg",
    "videoName": "",
    "attributes": null,
    "timestamp": 10000,
    "index": 188,
    "labels": [
      {
        "id": 14,
        "category": "break",
        "attributes": {
          "Big": false,
          "Damaged": true,
          "Front - Rear": [
            1,
            "F"
          ],
          "Left - Right": [
            0,
            "NA"
          ],
          "Thin": true
        },
        "manual": true,
        "box2d": null,
        "poly2d": [
          {
            "vertices": [
              [
                155.87229190421894,
                269.0992018244014
              ],
              [
                150.39908779931585,
                299.2018244013683
              ],
              [
                198.74572405929305,
                332.95324971493733
              ],
              [
                227.02394526795896,
                354.84606613454963
              ],
              [
                236.1459521094641,
                384.03648802736603
              ],
              [
                257.1265678449259,
                422.3489167616876
              ],
              [
                283.58038768529076,
                424.1733181299886
              ],
              [
                300,
                422.3489167616876
              ],
              [
                338.31242873432154,
                457.0125427594071
              ],
              [
                353.8198403648803,
                486.2029646522235
              ],
              [
                386.6590649942988,
                492.5883694412771
              ],
              [
                421.32269099201824,
                488.02736602052454
              ],
              [
                471.4937286202965,
                482.5541619156215
              ],
              [
                505.2451539338655,
                482.5541619156215
              ],
              [
                574.5724059293045,
                418.70011402508555
              ],
              [
                562.7137970353479,
                402.2805017103763
              ],
              [
                518.9281641961231,
                404.10490307867735
              ],
              [
                418.5860889395667,
                374.0022805017104
              ],
              [
                313.6830102622577,
                354.84606613454963
              ],
              [
                237.97035347776512,
                328.39224629418476
              ],
              [
                206.04332953249715,
                301.02622576966934
              ]
            ],
            "types": "LLLLLLLLLLLLLLLLLLLLL",
            "closed": true
          }
        ],
        "box3d": null
      },
      {
        "id": 15,
        "category": "bumper",
        "attributes": {
          "Big": false,
          "Damaged": true,
          "Front - Rear": [
            1,
            "F"
          ],
          "Left - Right": [
            0,
            "NA"
          ],
          "Thin": true
        },
        "manual": true,
        "box2d": null,
        "poly2d": [
          {
            "vertices": [
              [
                141.27708095781074,
                164.19612314709238
              ],
              [
                160.4332953249715,
                185.17673888255416
              ],
              [
                186.88711516533638,
                189.73774230330673
              ],
              [
                162.25769669327252,
                259.97719498289626
              ],
              [
                244.35575826681873,
                323.8312428734322
              ],
              [
                327.3660205245154,
                353.9338654503991
              ],
              [
                432.2690992018244,
                384.03648802736603
              ],
              [
                527.1379703534778,
                413.22690992018244
              ],
              [
                562.7137970353479,
                402.2805017103763
              ],
              [
                570.0114025085519,
                423.2611174458381
              ],
              [
                496.12314709236034,
                483.46636259977197
              ],
              [
                454.1619156214367,
                504.4469783352338
              ],
              [
                398.51767388825544,
                529.0763968072977
              ],
              [
                363.8540478905359,
                565.5644241733181
              ],
              [
                268.07297605473207,
                553.7058152793614
              ],
              [
                195.096921322691,
                526.3397947548461
              ],
              [
                143.10148232611175,
                461.57354618015967
              ],
              [
                110.26225769669328,
                392.2462941847207
              ],
              [
                102.96465222348917,
                329.30444697833525
              ],
              [
                88.36944127708097,
                250.85518814139112
              ],
              [
                105.70125427594071,
                209.80615735461802
              ]
            ],
            "types": "LLLLLLLLLLLLLLLLLLLLL",
            "closed": true
          }
        ],
        "box3d": null
      },
      {
        "id": 17,
        "category": "dent",
        "attributes": {
          "Big": false,
          "Damaged": true,
          "Front - Rear": [
            1,
            "F"
          ],
          "Left - Right": [
            0,
            "NA"
          ],
          "Thin": true
        },
        "manual": true,
        "box2d": null,
        "poly2d": [
          {
            "vertices": [
              [
                157.69669327251995,
                438.7685290763968
              ],
              [
                204.21892816419614,
                462.48574686431016
              ],
              [
                238.88255416191564,
                482.5541619156215
              ],
              [
                272.63397947548464,
                549.1448118586089
              ],
              [
                258.03876852907644,
                564.6522234891677
              ],
              [
                186.88711516533638,
                525.4275940706956
              ],
              [
                135.80387685290765,
                459.7491448118586
              ]
            ],
            "types": "LLLLLLL",
            "closed": true
          }
        ],
        "box3d": null
      },
      {
        "id": 18,
        "category": "scratch",
        "attributes": {
          "Big": false,
          "Damaged": true,
          "Front - Rear": [
            1,
            "F"
          ],
          "Left - Right": [
            0,
            "NA"
          ],
          "Thin": true
        },
        "manual": true,
        "box2d": null,
        "poly2d": [
          {
            "vertices": [
              [
                108.43785632839226,
                273.660205245154
              ],
              [
                120.29646522234893,
                282.78221208665906
              ],
              [
                115.73546180159636,
                256.3283922462942
              ],
              [
                114.82326111744584,
                233.52337514253136
              ],
              [
                123.94526795895098,
                217.10376282782212
              ],
              [
                128.50627137970355,
                231.69897377423035
              ],
              [
                131.24287343215508,
                258.1527936145952
              ],
              [
                137.62827822120866,
                280.0456100342075
              ],
              [
                149.48688711516533,
                287.3432155074116
              ],
              [
                150.39908779931585,
                299.2018244013683
              ],
              [
                151.31128848346637,
                304.6750285062714
              ],
              [
                208.7799315849487,
                340.25085518814143
              ],
              [
                236.1459521094641,
                362.14367160775373
              ],
              [
                249.8289623717218,
                390.42189281641964
              ],
              [
                259.8631698973774,
                406.8415051311289
              ],
              [
                265.33637400228054,
                411.40250855188145
              ],
              [
                305.4732041049031,
                422.3489167616876
              ],
              [
                322.80501710376285,
                428.7343215507412
              ],
              [
                316.41961231470924,
                431.4709236031927
              ],
              [
                282.66818700114027,
                431.4709236031927
              ],
              [
                253.47776510832384,
                429.6465222348917
              ],
              [
                235.23375142531359,
                414.139110604333
              ],
              [
                205.13112884834663,
                405.92930444697834
              ],
              [
                199.65792474344357,
                401.36830102622577
              ],
              [
                181.4139110604333,
                405.01710376282784
              ],
              [
                164.08209806157356,
                422.3489167616876
              ],
              [
                154.0478905359179,
                409.5781071835804
              ],
              [
                157.69669327251995,
                402.2805017103763
              ],
              [
                165.90649942987457,
                394.07069555302166
              ],
              [
                149.48688711516533,
                382.212086659065
              ],
              [
                168.64310148232613,
                377.6510832383124
              ],
              [
                186.88711516533638,
                384.03648802736603
              ],
              [
                196.921322690992,
                378.563283922463
              ],
              [
                181.4139110604333,
                368.52907639680734
              ],
              [
                152.2234891676169,
                365.79247434435575
              ],
              [
                144.01368301026227,
                365.79247434435575
              ],
              [
                133.06727480045612,
                366.7046750285063
              ],
              [
                112.08665906499431,
                359.4070695553022
              ],
              [
                108.43785632839226,
                341.1630558722919
              ],
              [
                96.57924743443559,
                291.9042189281642
              ]
            ],
            "types": "LLLLLLLLLLLLLLLLLLLLLLLLLLLLLLLLLLLLLLLL",
            "closed": true
          }
        ],
        "box3d": null
      },
      {
        "id": 19,
        "category": "break",
        "attributes": {
          "Big": false,
          "Damaged": true,
          "Front - Rear": [
            1,
            "F"
          ],
          "Left - Right": [
            0,
            "NA"
          ],
          "Thin": true
        },
        "manual": true,
        "box2d": null,
        "poly2d": [
          {
            "vertices": [
              [
                164.99429874572408,
                228.0501710376283
              ],
              [
                154.0478905359179,
                259.97719498289626
              ],
              [
                254.38996579247436,
                332.95324971493733
              ],
              [
                270.8095781071836,
                314.70923603192705
              ]
            ],
            "types": "LLLL",
            "closed": true
          }
        ],
        "box3d": null
      },
      {
        "id": 20,
        "category": "hood",
        "attributes": {
          "Big": false,
          "Damaged": true,
          "Front - Rear": [
            1,
            "F"
          ],
          "Left - Right": [
            0,
            "NA"
          ],
          "Thin": true
        },
        "manual": true,
        "box2d": null,
        "poly2d": [
          {
            "vertices": [
              [
                234.32155074116307,
                0.9122006841505131
              ],
              [
                178.67730900798176,
                45.61003420752566
              ],
              [
                145.83808437856328,
                99.42987457240594
              ],
              [
                137.62827822120866,
                150.51311288483467
              ],
              [
                152.2234891676169,
                176.05473204104905
              ],
              [
                160.4332953249715,
                185.17673888255416
              ],
              [
                181.4139110604333,
                185.17673888255416
              ],
              [
                216.9897377423033,
                147.77651083238314
              ],
              [
                261.68757126567846,
                128.62029646522237
              ],
              [
                305.4732041049031,
                124.05929304446978
              ],
              [
                351.08323831242876,
                135.00570125427595
              ],
              [
                378.4492588369441,
                145.9521094640821
              ],
              [
                599.2018244013683,
                103.9908779931585
              ],
              [
                600,
                0
              ]
            ],
            "types": "LLLLLLLLLLLLLL",
            "closed": true
          }
        ],
        "box3d": null
      },
      {
        "id": 21,
        "category": "scratch",
        "attributes": {
          "Big": false,
          "Damaged": true,
          "Front - Rear": [
            1,
            "F"
          ],
          "Left - Right": [
            0,
            "NA"
          ],
          "Thin": true
        },
        "manual": true,
        "box2d": null,
        "poly2d": [
          {
            "vertices": [
              [
                166.8187001140251,
                141.39110604332953
              ],
              [
                174.1163055872292,
                126.79589509692133
              ],
              [
                188.71151653363742,
                130.44469783352338
              ],
              [
                195.096921322691,
                142.30330672748005
              ],
              [
                197.83352337514253,
                148.68871151653366
              ],
              [
                208.7799315849487,
                138.654503990878
              ],
              [
                213.34093500570125,
                152.3375142531357
              ],
              [
                191.44811858608895,
                171.49372862029648
              ],
              [
                182.3261117445838,
                171.49372862029648
              ],
              [
                168.64310148232613,
                180.6157354618016
              ],
              [
                148.57468643101484,
                169.66932725199544
              ],
              [
                146.7502850627138,
                149.60091220068415
              ],
              [
                163.16989737742304,
                149.60091220068415
              ]
            ],
            "types": "LLLLLLLLLLLLL",
            "closed": true
          }
        ],
        "box3d": null
      },
      {
        "id": 22,
        "category": "break",
        "attributes": {
          "Big": false,
          "Damaged": true,
          "Front - Rear": [
            1,
            "F"
          ],
          "Left - Right": [
            0,
            "NA"
          ],
          "Thin": true
        },
        "manual": true,
        "box2d": null,
        "poly2d": [
          {
            "vertices": [
              [
                371.15165336374,
                132.26909920182442
              ],
              [
                398.51767388825544,
                159.6351197263398
              ],
              [
                600,
                122.23489167616876
              ],
              [
                598.2896237172179,
                97.60547320410491
              ]
            ],
            "types": "LLLL",
            "closed": true
          }
        ],
        "box3d": null
      }
    ]
  }
]