[
  {
    "name": "https://s3.amazonaws.com/mc-imt/vehicle/2019X8616/detail_damage2/17065/medium/IMG_7046.JPG",
    "url": "https://s3.amazonaws.com/mc-imt/vehicle/2019X8616/detail_damage2/17065/medium/IMG_7046.JPG",
    "videoName": "",
    "attributes": null,
    "timestamp": 10000,
    "index": 26,
    "labels": [
      {
        "id": 2,
        "category": "bumper",
        "attributes": {
          "Big": false,
          "Damaged": true,
          "Front - Rear": [
            2,
            "R"
          ],
          "Left - Right": [
            2,
            "R"
          ],
          "Thin": true
        },
        "manual": true,
        "box2d": null,
        "poly2d": [
          {
            "vertices": [
              [
                18.91891891891892,
                139.81981981981983
              ],
              [
                599.8198198198198,
                273.8738738738739
              ],
              [
                596.936936936937,
                694.7747747747748
              ],
              [
                485.94594594594594,
                740.900900900901
              ],
              [
                460,
                774.0540540540541
              ],
              [
                0,
                763.963963963964
              ],
              [
                0,
                134.05405405405406
              ]
            ],
            "types": "LLLLLLL",
            "closed": true
          }
        ],
        "box3d": null
      },
      {
        "id": 4,
        "category": "scratch",
        "attributes": {
          "Big": false,
          "Damaged": false,
          "Front - Rear": [
            0,
            "NA"
          ],
          "Left - Right": [
            0,
            "NA"
          ],
          "Thin": false
        },
        "manual": true,
        "box2d": null,
        "poly2d": [
          {
            "vertices": [
              [
                154.4144144144144,
                219.0990990990991
              ],
              [
                279.8198198198198,
                250.8108108108108
              ],
              [
                330.27027027027026,
                273.8738738738739
              ],
              [
                376.3963963963964,
                291.1711711711712
              ],
              [
                412.43243243243245,
                321.44144144144144
              ],
              [
                426.84684684684686,
                350.27027027027026
              ],
              [
                425.4054054054054,
                370.4504504504505
              ],
              [
                406.6666666666667,
                366.1261261261261
              ],
              [
                418.1981981981982,
                439.63963963963965
              ],
              [
                402.34234234234236,
                433.8738738738739
              ],
              [
                389.3693693693694,
                351.7117117117117
              ],
              [
                372.0720720720721,
                320
              ],
              [
                359.09909909909913,
                322.8828828828829
              ],
              [
                373.51351351351354,
                364.68468468468467
              ],
              [
                361.981981981982,
                377.6576576576577
              ],
              [
                336.036036036036,
                390.63063063063066
              ],
              [
                301.44144144144144,
                386.30630630630634
              ],
              [
                310.0900900900901,
                397.83783783783787
              ],
              [
                323.06306306306305,
                405.0450450450451
              ],
              [
                321.6216216216216,
                415.13513513513516
              ],
              [
                302.8828828828829,
                412.2522522522523
              ],
              [
                255.31531531531533,
                377.6576576576577
              ],
              [
                271.1711711711712,
                369.00900900900905
              ],
              [
                281.26126126126127,
                369.00900900900905
              ],
              [
                287.02702702702703,
                358.9189189189189
              ],
              [
                242.34234234234236,
                314.23423423423424
              ],
              [
                170.2702702702703,
                259.4594594594595
              ],
              [
                135.67567567567568,
                239.27927927927928
              ],
              [
                118.37837837837839,
                219.0990990990991
              ]
            ],
            "types": "LLLLLLLLLLLLLLLLLLLLLLLLLLLLL",
            "closed": true
          }
        ],
        "box3d": null
      }
    ]
  },
  {
    "name": "https://s3.amazonaws.com/mc-imt/vehicle/2019X8616/detail_damage1/17061/medium/IMG_7045.JPG",
    "url": "https://s3.amazonaws.com/mc-imt/vehicle/2019X8616/detail_damage1/17061/medium/IMG_7045.JPG",
    "videoName": "",
    "attributes": null,
    "timestamp": 10000,
    "index": 27,
    "labels": [
      {
        "id": 5,
        "category": "bumper",
        "attributes": {
          "Big": false,
          "Damaged": true,
          "Front - Rear": [
            2,
            "R"
          ],
          "Left - Right": [
            2,
            "R"
          ],
          "Thin": true
        },
        "manual": true,
        "box2d": null,
        "poly2d": [
          {
            "vertices": [
              [
                27.56756756756757,
                112.43243243243244
              ],
              [
                600,
                135.4954954954955
              ],
              [
                588.2882882882883,
                458.3783783783784
              ],
              [
                43.42342342342342,
                387.7477477477478
              ],
              [
                1.6216216216216217,
                351.7117117117117
              ],
              [
                0,
                109.54954954954955
              ]
            ],
            "types": "LLLLLL",
            "closed": true
          }
        ],
        "box3d": null
      },
      {
        "id": 7,
        "category": "scratch",
        "attributes": {
          "Big": false,
          "Damaged": false,
          "Front - Rear": [
            0,
            "NA"
          ],
          "Left - Right": [
            0,
            "NA"
          ],
          "Thin": false
        },
        "manual": true,
        "box2d": null,
        "poly2d": [
          {
            "vertices": [
              [
                422.3255813953489,
                145.11627906976744
              ],
              [
                483.72093023255815,
                151.62790697674419
              ],
              [
                506.9767441860465,
                156.27906976744185
              ],
              [
                535.8139534883721,
                165.58139534883722
              ],
              [
                558.1395348837209,
                177.67441860465118
              ],
              [
                564.6511627906978,
                205.58139534883722
              ],
              [
                551.6279069767442,
                225.11627906976744
              ],
              [
                547.9069767441861,
                239.06976744186048
              ],
              [
                539.5348837209302,
                232.55813953488374
              ],
              [
                539.5348837209302,
                213.95348837209303
              ],
              [
                528.3720930232558,
                222.32558139534885
              ],
              [
                531.1627906976745,
                230.69767441860466
              ],
              [
                520.9302325581396,
                237.2093023255814
              ],
              [
                494.8837209302326,
                216.74418604651163
              ],
              [
                501.3953488372093,
                206.51162790697674
              ],
              [
                480.93023255813955,
                189.7674418604651
              ],
              [
                450.2325581395349,
                169.30232558139537
              ],
              [
                418.60465116279073,
                157.2093023255814
              ]
            ],
            "types": "LLLLLLLLLLLLLLLLLL",
            "closed": true
          }
        ],
        "box3d": null
      }
    ]
  },
  {
    "name": "https://s3.amazonaws.com/mc-imt/vehicle/2019X8616/detail_damage1/17062/medium/IMG_7045.JPG",
    "url": "https://s3.amazonaws.com/mc-imt/vehicle/2019X8616/detail_damage1/17062/medium/IMG_7045.JPG",
    "videoName": "",
    "attributes": null,
    "timestamp": 10000,
    "index": 28,
    "labels": [
      {
        "id": 9,
        "category": "bumper",
        "attributes": {
          "Big": false,
          "Damaged": true,
          "Front - Rear": [
            2,
            "R"
          ],
          "Left - Right": [
            0,
            "NA"
          ],
          "Thin": true
        },
        "manual": true,
        "box2d": null,
        "poly2d": [
          {
            "vertices": [
              [
                4.504504504504505,
                116.75675675675676
              ],
              [
                413.8738738738739,
                126.84684684684684
              ],
              [
                598.3783783783784,
                141.26126126126127
              ],
              [
                591.1711711711712,
                458.3783783783784
              ],
              [
                461.44144144144144,
                443.963963963964
              ],
              [
                99.63963963963964,
                394.954954954955
              ],
              [
                33.333333333333336,
                386.30630630630634
              ],
              [
                0,
                353.15315315315314
              ]
            ],
            "types": "LLLLLLLL",
            "closed": true
          }
        ],
        "box3d": null
      },
      {
        "id": 10,
        "category": "scratch",
        "attributes": {
          "Big": false,
          "Damaged": false,
          "Front - Rear": [
            0,
            "NA"
          ],
          "Left - Right": [
            0,
            "NA"
          ],
          "Thin": false
        },
        "manual": true,
        "box2d": null,
        "poly2d": [
          {
            "vertices": [
              [
                421.61172161172163,
                152.38095238095238
              ],
              [
                445.0549450549451,
                169.96336996336998
              ],
              [
                471.42857142857144,
                185.59218559218561
              ],
              [
                491.941391941392,
                195.36019536019538
              ],
              [
                508.5470085470086,
                206.1050061050061
              ],
              [
                498.7789987789988,
                214.8962148962149
              ],
              [
                518.3150183150184,
                232.4786324786325
              ],
              [
                525.1526251526252,
                236.3858363858364
              ],
              [
                531.013431013431,
                231.5018315018315
              ],
              [
                524.1758241758242,
                222.71062271062272
              ],
              [
                533.943833943834,
                221.73382173382174
              ],
              [
                538.8278388278388,
                213.91941391941393
              ],
              [
                539.8046398046398,
                227.5946275946276
              ],
              [
                550.5494505494506,
                227.5946275946276
              ],
              [
                556.4102564102565,
                206.1050061050061
              ],
              [
                563.2478632478633,
                206.1050061050061
              ],
              [
                564.2246642246643,
                188.52258852258853
              ],
              [
                546.6422466422466,
                170.94017094017096
              ],
              [
                516.3614163614164,
                164.10256410256412
              ],
              [
                495.8485958485959,
                155.31135531135533
              ],
              [
                441.14774114774116,
                149.45054945054946
              ]
            ],
            "types": "LLLLLLLLLLLLLLLLLLLLL",
            "closed": true
          }
        ],
        "box3d": null
      }
    ]
  },
  {
    "name": "https://s3.amazonaws.com/mc-imt/vehicle/2018W0820/detail_damage1/7304/medium/image.jpg",
    "url": "https://s3.amazonaws.com/mc-imt/vehicle/2018W0820/detail_damage1/7304/medium/image.jpg",
    "videoName": "",
    "attributes": null,
    "timestamp": 10000,
    "index": 50,
    "labels": [
      {
        "id": 2,
        "category": "scratch",
        "attributes": {
          "Big": false,
          "Damaged": false,
          "Front - Rear": [
            0,
            "NA"
          ],
          "Left - Right": [
            0,
            "NA"
          ],
          "Thin": false
        },
        "manual": true,
        "box2d": null,
        "poly2d": [
          {
            "vertices": [
              [
                443.64864864864865,
                407.7027027027027
              ],
              [
                424.72972972972974,
                364.18918918918916
              ],
              [
                425.6756756756757,
                345.27027027027026
              ],
              [
                401.0810810810811,
                342.43243243243245
              ],
              [
                359.4594594594595,
                330.1351351351351
              ],
              [
                367.02702702702703,
                312.16216216216213
              ],
              [
                339.5945945945946,
                287.56756756756755
              ],
              [
                311.2162162162162,
                262.97297297297297
              ],
              [
                300.8108108108108,
                248.78378378378378
              ],
              [
                314.05405405405406,
                223.24324324324323
              ],
              [
                328.2432432432432,
                207.16216216216216
              ],
              [
                342.43243243243245,
                203.3783783783784
              ],
              [
                355.6756756756757,
                203.3783783783784
              ],
              [
                361.35135135135135,
                208.1081081081081
              ],
              [
                349.05405405405406,
                224.1891891891892
              ],
              [
                366.0810810810811,
                228.9189189189189
              ],
              [
                373.64864864864865,
                224.1891891891892
              ],
              [
                390.6756756756757,
                241.21621621621622
              ],
              [
                385,
                262.97297297297297
              ],
              [
                365.1351351351351,
                265.8108108108108
              ],
              [
                360.4054054054054,
                269.5945945945946
              ],
              [
                367.97297297297297,
                285.6756756756757
              ],
              [
                387.8378378378378,
                291.35135135135135
              ],
              [
                405.8108108108108,
                302.7027027027027
              ],
              [
                421.8918918918919,
                306.48648648648646
              ],
              [
                445.5405405405405,
                304.5945945945946
              ],
              [
                462.56756756756755,
                280
              ],
              [
                470.1351351351351,
                263.9189189189189
              ],
              [
                477.7027027027027,
                251.6216216216216
              ],
              [
                501.35135135135135,
                255.4054054054054
              ],
              [
                512.7027027027027,
                261.0810810810811
              ],
              [
                527.8378378378378,
                276.2162162162162
              ],
              [
                532.5675675675676,
                294.18918918918916
              ],
              [
                526.8918918918919,
                305.5405405405405
              ],
              [
                530.6756756756756,
                318.7837837837838
              ],
              [
                522.1621621621622,
                323.5135135135135
              ],
              [
                506.0810810810811,
                356.6216216216216
              ],
              [
                448.3783783783784,
                411.48648648648646
              ]
            ],
            "types": "LLLLLLLLLLLLLLLLLLLLLLLLLLLLLLLLLLLLLL",
            "closed": true
          }
        ],
        "box3d": null
      },
      {
        "id": 6,
        "category": "scratch",
        "attributes": {
          "Big": false,
          "Damaged": false,
          "Front - Rear": [
            0,
            "NA"
          ],
          "Left - Right": [
            0,
            "NA"
          ],
          "Thin": false
        },
        "manual": true,
        "box2d": null,
        "poly2d": [
          {
            "vertices": [
              [
                271.37888707037644,
                421.89034369885434
              ],
              [
                258.49018003273324,
                445.0900163666121
              ],
              [
                260.208674304419,
                465.7119476268412
              ],
              [
                272.23813420621934,
                476.0229132569558
              ],
              [
                273.9566284779051,
                467.43044189852696
              ],
              [
                267.0826513911621,
                454.54173486088376
              ],
              [
                269.6603927986907,
                440.7937806873977
              ],
              [
                279.11211129296237,
                424.46808510638294
              ]
            ],
            "types": "LLLLLLLL",
            "closed": true
          }
        ],
        "box3d": null
      },
      {
        "id": 34,
        "category": "hood",
        "attributes": {
          "Big": false,
          "Damaged": false,
          "Front - Rear": [
            0,
            "NA"
          ],
          "Left - Right": [
            0,
            "NA"
          ],
          "Thin": false
        },
        "manual": true,
        "box2d": null,
        "poly2d": [
          {
            "vertices": [
              [
                353.0795214468973,
                479.05016280057134
              ],
              [
                572.5970653065464,
                436.0677066602205
              ],
              [
                696.9391705697043,
                385.40981192337836
              ],
              [
                693.8689951311078,
                0
              ],
              [
                9.219872324090254,
                0
              ],
              [
                112.0707495170727,
                310.19051367776433
              ],
              [
                133.56197758724815,
                408.43612771285206
              ],
              [
                165.7988196925113,
                443.74314525671167
              ],
              [
                236.4128547802306,
                468.3045487654836
              ]
            ],
            "types": "LLLLLLLLL",
            "closed": true
          }
        ],
        "box3d": null
      }
    ]
  },
  {
    "name": "https://s3.amazonaws.com/mc-imt/vehicle/2019X9415/detail_damage1/17195/medium/9D094189-DB22-4129-92E5-0B3A81EB8758.jpeg",
    "url": "https://s3.amazonaws.com/mc-imt/vehicle/2019X9415/detail_damage1/17195/medium/9D094189-DB22-4129-92E5-0B3A81EB8758.jpeg",
    "videoName": "",
    "attributes": null,
    "timestamp": 10000,
    "index": 70,
    "labels": [
      {
        "id": 0,
        "category": "door",
        "attributes": {
          "Big": false,
          "Damaged": true,
          "Front - Rear": [
            1,
            "F"
          ],
          "Left - Right": [
            1,
            "L"
          ],
          "Thin": true
        },
        "manual": true,
        "box2d": null,
        "poly2d": [
          {
            "vertices": [
              [
                0,
                270.990990990991
              ],
              [
                600,
                249.36936936936937
              ],
              [
                600,
                797.1171171171171
              ],
              [
                0,
                797.1171171171171
              ]
            ],
            "types": "LLLL",
            "closed": true
          }
        ],
        "box3d": null
      },
      {
        "id": 1,
        "category": "scratch",
        "attributes": {
          "Big": false,
          "Damaged": false,
          "Front - Rear": [
            0,
            "NA"
          ],
          "Left - Right": [
            0,
            "NA"
          ],
          "Thin": false
        },
        "manual": true,
        "box2d": null,
        "poly2d": [
          {
            "vertices": [
              [
                62.16216216216216,
                309.9099099099099
              ],
              [
                174.5945945945946,
                285.4054054054054
              ],
              [
                284.14414414414415,
                278.1981981981982
              ],
              [
                320.1801801801802,
                276.7567567567568
              ],
              [
                320.1801801801802,
                289.72972972972974
              ],
              [
                428.2882882882883,
                286.84684684684686
              ],
              [
                431.1711711711712,
                269.54954954954957
              ],
              [
                351.89189189189193,
                269.54954954954957
              ],
              [
                165.94594594594597,
                266.6666666666667
              ],
              [
                46.30630630630631,
                275.31531531531533
              ],
              [
                26.126126126126128,
                276.7567567567568
              ],
              [
                37.65765765765766,
                318.55855855855856
              ]
            ],
            "types": "LLLLLLLLLLLL",
            "closed": true
          }
        ],
        "box3d": null
      },
      {
        "id": 2,
        "category": "scratch",
        "attributes": {
          "Big": false,
          "Damaged": false,
          "Front - Rear": [
            0,
            "NA"
          ],
          "Left - Right": [
            0,
            "NA"
          ],
          "Thin": true
        },
        "manual": true,
        "box2d": null,
        "poly2d": [
          {
            "vertices": [
              [
                216.3963963963964,
                311.35135135135135
              ],
              [
                292.7927927927928,
                307.02702702702703
              ],
              [
                289.9099099099099,
                289.72972972972974
              ],
              [
                210.63063063063063,
                294.05405405405406
              ]
            ],
            "types": "LLLL",
            "closed": true
          }
        ],
        "box3d": null
      },
      {
        "id": 13,
        "category": "scratch",
        "attributes": {
          "Big": false,
          "Damaged": false,
          "Front - Rear": [
            0,
            "NA"
          ],
          "Left - Right": [
            0,
            "NA"
          ],
          "Thin": false
        },
        "manual": true,
        "box2d": null,
        "poly2d": [
          {
            "vertices": [
              [
                218.81413911060434,
                400.4561003420753
              ],
              [
                307.2976054732041,
                407.7537058152794
              ],
              [
                465.1083238312429,
                422.3489167616876
              ],
              [
                557.2405929304447,
                427.8221208665907
              ],
              [
                591.9042189281643,
                412.31470923603194
              ],
              [
                598.2896237172179,
                389.5096921322691
              ],
              [
                589.1676168757127,
                379.47548460661346
              ],
              [
                458.7229190421893,
                374.0022805017104
              ],
              [
                530.7867730900798,
                369.44127708095783
              ],
              [
                576.3968072976055,
                369.44127708095783
              ],
              [
                577.309007981756,
                345.7240592930445
              ],
              [
                533.5233751425313,
                336.60205245153935
              ],
              [
                411.2884834663626,
                338.4264538198404
              ],
              [
                351.99543899657925,
                332.95324971493733
              ],
              [
                313.6830102622577,
                354.84606613454963
              ],
              [
                255.30216647662488,
                354.84606613454963
              ],
              [
                234.32155074116307,
                355.7582668187001
              ],
              [
                251.65336374002283,
                375.82668187001144
              ],
              [
                227.93614595210948,
                386.77309007981756
              ]
            ],
            "types": "LLLLLLLLLLLLLLLLLLL",
            "closed": true
          }
        ],
        "box3d": null
      }
    ]
  },
  {
    "name": "https://s3.amazonaws.com/mc-imt/vehicle/2018X7954/detail_damage2/16573/medium/IMG_20190103_100314666.jpg",
    "url": "https://s3.amazonaws.com/mc-imt/vehicle/2018X7954/detail_damage2/16573/medium/IMG_20190103_100314666.jpg",
    "videoName": "",
    "attributes": null,
    "timestamp": 10000,
    "index": 155,
    "labels": [
      {
        "id": 2,
        "category": "crack",
        "attributes": {
          "Big": false,
          "Damaged": true,
          "Front - Rear": [
            1,
            "F"
          ],
          "Left - Right": [
            0,
            "NA"
          ],
          "Thin": true
        },
        "manual": true,
        "box2d": null,
        "poly2d": [
          {
            "vertices": [
              [
                157.69230769230768,
                59.61538461538461
              ],
              [
                151.9230769230769,
                89.42307692307692
              ],
              [
                150.96153846153845,
                122.11538461538461
              ],
              [
                166.34615384615384,
                126.92307692307692
              ],
              [
                170.19230769230768,
                98.07692307692308
              ],
              [
                181.73076923076923,
                97.11538461538461
              ],
              [
                190.3846153846154,
                85.57692307692308
              ],
              [
                213.46153846153845,
                92.3076923076923
              ],
              [
                233.65384615384613,
                106.73076923076923
              ],
              [
                247.1153846153846,
                96.15384615384615
              ],
              [
                219.23076923076923,
                77.88461538461539
              ],
              [
                193.26923076923077,
                54.80769230769231
              ],
              [
                169.23076923076923,
                48.07692307692307
              ]
            ],
            "types": "LLLLLLLLLLLLL",
            "closed": true
          }
        ],
        "box3d": null
      },
      {
        "id": 16,
        "category": "scratch",
        "attributes": {
          "Big": false,
          "Damaged": false,
          "Front - Rear": [
            0,
            "NA"
          ],
          "Left - Right": [
            0,
            "NA"
          ],
          "Thin": false
        },
        "manual": true,
        "box2d": null,
        "poly2d": [
          {
            "vertices": [
              [
                267.38882554161916,
                334.6351197263398
              ],
              [
                288.93956670467503,
                331.64196123147093
              ],
              [
                316.4766248574686,
                335.2337514253136
              ],
              [
                314.6807297605473,
                346.6077537058153
              ],
              [
                303.3067274800456,
                353.1927023945268
              ],
              [
                263.7970353477765,
                348.4036488027366
              ]
            ],
            "types": "LLLLLL",
            "closed": true
          }
        ],
        "box3d": null
      },
      {
        "id": 17,
        "category": "scratch",
        "attributes": {
          "Big": false,
          "Damaged": false,
          "Front - Rear": [
            0,
            "NA"
          ],
          "Left - Right": [
            0,
            "NA"
          ],
          "Thin": false
        },
        "manual": true,
        "box2d": null,
        "poly2d": [
          {
            "vertices": [
              [
                215.30786773090077,
                368.7571265678449
              ],
              [
                232.66818700114024,
                357.981755986317
              ],
              [
                291.33409350057013,
                365.16533637400227
              ],
              [
                318.8711516533637,
                375.94070695553023
              ]
            ],
            "types": "LLLL",
            "closed": true
          }
        ],
        "box3d": null
      },
      {
        "id": 19,
        "category": "scratch",
        "attributes": {
          "Big": false,
          "Damaged": false,
          "Front - Rear": [
            0,
            "NA"
          ],
          "Left - Right": [
            0,
            "NA"
          ],
          "Thin": false
        },
        "manual": true,
        "box2d": null,
        "poly2d": [
          {
            "vertices": [
              [
                414.6522234891676,
                339.42417331813
              ],
              [
                416.4481185860889,
                325.65564424173317
              ],
              [
                467.93044469783354,
                299.31584948688715
              ],
              [
                488.28392246294186,
                295.7240592930445
              ],
              [
                488.28392246294186,
                301.7103762827822
              ],
              [
                448.17559863169896,
                325.65564424173317
              ],
              [
                414.6522234891676,
                347.20638540478905
              ]
            ],
            "types": "LLLLLLL",
            "closed": true
          }
        ],
        "box3d": null
      },
      {
        "id": 20,
        "category": "scratch",
        "attributes": {
          "Big": false,
          "Damaged": false,
          "Front - Rear": [
            0,
            "NA"
          ],
          "Left - Right": [
            0,
            "NA"
          ],
          "Thin": false
        },
        "manual": true,
        "box2d": null,
        "poly2d": [
          {
            "vertices": [
              [
                514.0250855188141,
                263.99657924743445
              ],
              [
                515.2223489167617,
                272.97605473204106
              ],
              [
                523.6031927023945,
                274.1733181299886
              ],
              [
                530.7867730900798,
                266.9897377423033
              ],
              [
                524.2018244013683,
                261.00342075256555
              ]
            ],
            "types": "LLLLL",
            "closed": true
          }
        ],
        "box3d": null
      },
      {
        "id": 21,
        "category": "scratch",
        "attributes": {
          "Big": false,
          "Damaged": false,
          "Front - Rear": [
            0,
            "NA"
          ],
          "Left - Right": [
            0,
            "NA"
          ],
          "Thin": false
        },
        "manual": true,
        "box2d": null,
        "poly2d": [
          {
            "vertices": [
              [
                538.5689851767389,
                234.6636259977195
              ],
              [
                546.9498289623717,
                228.67730900798176
              ],
              [
                552.3375142531356,
                225.68415051311288
              ],
              [
                562.5142531356898,
                214.90877993158495
              ],
              [
                576.8814139110605,
                200.54161915621438
              ],
              [
                588.8540478905359,
                174.80045610034207
              ],
              [
                598.4321550741163,
                183.1812998859749
              ],
              [
                591.8472063854048,
                198.74572405929305
              ],
              [
                580.4732041049031,
                223.28962371721778
              ],
              [
                566.1060433295324,
                238.25541619156215
              ],
              [
                553.5347776510832,
                244.84036488027365
              ]
            ],
            "types": "LLLLLLLLLLL",
            "closed": true
          }
        ],
        "box3d": null
      },
      {
        "id": 22,
        "category": "crack",
        "attributes": {
          "Big": false,
          "Damaged": true,
          "Front - Rear": [
            1,
            "F"
          ],
          "Left - Right": [
            0,
            "NA"
          ],
          "Thin": true
        },
        "manual": true,
        "box2d": null,
        "poly2d": [
          {
            "vertices": [
              [
                22.548460661345473,
                466.33409350057013
              ],
              [
                95.58152793614593,
                478.9053591790194
              ],
              [
                211.71607753705814,
                496.8643101482326
              ],
              [
                282.35461801596347,
                496.26567844925887
              ],
              [
                340.4218928164196,
                486.0889395667047
              ],
              [
                376.93842645381983,
                477.70809578107185
              ],
              [
                380.5302166476625,
                466.9327251995439
              ],
              [
                365.5644241733181,
                460.3477765108324
              ],
              [
                332.6396807297605,
                451.36830102622577
              ],
              [
                305.7012542759407,
                449.57240592930447
              ],
              [
                284.1505131128848,
                451.96693272519957
              ],
              [
                212.9133409350057,
                450.769669327252
              ],
              [
                143.47206385404786,
                442.98745724059296
              ],
              [
                51.88141391106041,
                430.4161915621437
              ],
              [
                17.75940706955528,
                414.2531356898518
              ],
              [
                0,
                411.85860889395667
              ],
              [
                8.181299885974893,
                465.1368301026226
              ]
            ],
            "types": "LLLLLLLLLLLLLLLLL",
            "closed": true
          }
        ],
        "box3d": null
      },
      {
        "id": 23,
        "category": "break",
        "attributes": {
          "Big": false,
          "Damaged": true,
          "Front - Rear": [
            1,
            "F"
          ],
          "Left - Right": [
            0,
            "NA"
          ],
          "Thin": true
        },
        "manual": true,
        "box2d": null,
        "poly2d": [
          {
            "vertices": [
              [
                341.61915621436714,
                377.1379703534778
              ],
              [
                403.87685290763966,
                393.3010262257697
              ],
              [
                433.2098061573546,
                422.03534777651083
              ],
              [
                452.36602052451536,
                457.3546180159635
              ],
              [
                448.7742303306727,
                470.52451539338654
              ],
              [
                423.63169897377423,
                486.0889395667047
              ],
              [
                426.02622576966934,
                471.7217787913341
              ],
              [
                415.8494868871152,
                453.76282782212087
              ],
              [
                381.72748004561004,
                413.0558722919042
              ],
              [
                353.59179019384266,
                401.6818700114025
              ],
              [
                175.79817559863167,
                377.1379703534778
              ],
              [
                254.21892816419611,
                373.5461801596351
              ]
            ],
            "types": "LLLLLLLLLLLL",
            "closed": true
          }
        ],
        "box3d": null
      },
      {
        "id": 24,
        "category": "grille",
        "attributes": {
          "Big": false,
          "Damaged": true,
          "Front - Rear": [
            1,
            "F"
          ],
          "Left - Right": [
            0,
            "NA"
          ],
          "Thin": true
        },
        "manual": true,
        "box2d": null,
        "poly2d": [
          {
            "vertices": [
              [
                0.997719498289601,
                357.3831242873432
              ],
              [
                122.51995438996578,
                369.3557582668187
              ],
              [
                243.44355758266818,
                384.92018244013684
              ],
              [
                306.89851767388825,
                387.9133409350057
              ],
              [
                350,
                396.29418472063855
              ],
              [
                384.12200684150514,
                409.46408209806157
              ],
              [
                409.2645381984036,
                438.7970353477765
              ],
              [
                428.4207525655644,
                465.1368301026226
              ],
              [
                432.01254275940704,
                475.31356898517674
              ],
              [
                431.4139110604333,
                481.2998859749145
              ],
              [
                375.7411630558723,
                502.8506271379704
              ],
              [
                169.21322690992017,
                512.4287343215508
              ],
              [
                98.5746864310148,
                502.8506271379704
              ],
              [
                52.48004561003419,
                492.0752565564424
              ],
              [
                26.738882554161894,
                476.5108323831243
              ],
              [
                12.970353477765086,
                463.93956670467503
              ],
              [
                0,
                411.85860889395667
              ]
            ],
            "types": "LLLLLLLLLLLLLLLLL",
            "closed": true
          }
        ],
        "box3d": null
      },
      {
        "id": 29,
        "category": "scratch",
        "attributes": {
          "Big": false,
          "Damaged": false,
          "Front - Rear": [
            0,
            "NA"
          ],
          "Left - Right": [
            0,
            "NA"
          ],
          "Thin": false
        },
        "manual": true,
        "box2d": null,
        "poly2d": [
          {
            "vertices": [
              [
                359.21987232409026,
                319.4010399935538
              ],
              [
                389.92162671005514,
                314.79577683565907
              ],
              [
                402.2023284644411,
                297.90981192337836
              ],
              [
                376.1058372363709,
                297.90981192337836
              ]
            ],
            "types": "LLLL",
            "closed": true
          }
        ],
        "box3d": null
      },
      {
        "id": 30,
        "category": "scratch",
        "attributes": {
          "Big": false,
          "Damaged": false,
          "Front - Rear": [
            0,
            "NA"
          ],
          "Left - Right": [
            0,
            "NA"
          ],
          "Thin": false
        },
        "manual": true,
        "box2d": null,
        "poly2d": [
          {
            "vertices": [
              [
                405.2725039030376,
                248.78700490583452
              ],
              [
                412.94794249952884,
                222.69051367776436
              ],
              [
                422.1584688153183,
                199.66419788829066
              ],
              [
                446.7198723240902,
                182.77823297600997
              ],
              [
                446.7198723240902,
                201.1992856075889
              ],
              [
                429.83390741180955,
                213.47998736197488
              ],
              [
                422.1584688153183,
                238.0413908707468
              ]
            ],
            "types": "LLLLLLL",
            "closed": true
          }
        ],
        "box3d": null
      },
      {
        "id": 31,
        "category": "scratch",
        "attributes": {
          "Big": false,
          "Damaged": false,
          "Front - Rear": [
            0,
            "NA"
          ],
          "Left - Right": [
            0,
            "NA"
          ],
          "Thin": false
        },
        "manual": true,
        "box2d": null,
        "poly2d": [
          {
            "vertices": [
              [
                589.483030218827,
                136.7256013970626
              ],
              [
                589.483030218827,
                158.21682946723803
              ],
              [
                555.7111003942657,
                181.24314525671173
              ],
              [
                543.4303986398797,
                196.59402244969417
              ],
              [
                498.9128547802306,
                224.22560139706258
              ],
              [
                459.0005740784762,
                253.39226806372926
              ],
              [
                446.7198723240902,
                242.64665402864154
              ],
              [
                449.7900477626867,
                261.0677066602205
              ],
              [
                423.69355653461656,
                282.55893473039595
              ],
              [
                385.3163635521604,
                284.09402244969414
              ],
              [
                385.3163635521604,
                271.8133206953082
              ],
              [
                400.66724074514286,
                265.67296981811523
              ],
              [
                403.73741618373936,
                273.34840841460647
              ],
              [
                412.94794249952884,
                268.7431452567117
              ],
              [
                435.97425828900253,
                257.997531221624
              ],
              [
                426.76373197321305,
                245.71682946723803
              ],
              [
                435.97425828900253,
                231.9010399935538
              ],
              [
                462.07074951707267,
                234.9712154321503
              ],
              [
                452.8602232012832,
                222.69051367776436
              ],
              [
                475.8865389907569,
                211.94489964267663
              ],
              [
                480.49180214865163,
                221.1554259584661
              ],
              [
                498.9128547802306,
                211.94489964267663
              ],
              [
                492.7725039030376,
                199.66419788829066
              ],
              [
                478.9567144293534,
                199.66419788829066
              ],
              [
                506.5882933767218,
                191.98875929179943
              ],
              [
                526.544433727599,
                185.84840841460644
              ],
              [
                535.7549600433885,
                179.70805753741348
              ],
              [
                543.4303986398797,
                176.637882098817
              ],
              [
                535.7549600433885,
                164.35718034443101
              ],
              [
                569.5268898679499,
                149.00630315144855
              ],
              [
                564.9216267100551,
                165.89226806372926
              ]
            ],
            "types": "LLLLLLLLLLLLLLLLLLLLLLLLLLLLLLL",
            "closed": true
          }
        ],
        "box3d": null
      }
    ]
  },
  {
    "name": "https://s3.amazonaws.com/mc-imt/vehicle/2019X8297/detail_damage2/16917/medium/image.jpg",
    "url": "https://s3.amazonaws.com/mc-imt/vehicle/2019X8297/detail_damage2/16917/medium/image.jpg",
    "videoName": "",
    "attributes": null,
    "timestamp": 10000,
    "index": 195,
    "labels": [
      {
        "id": 0,
        "category": "bumper",
        "attributes": {
          "Big": false,
          "Damaged": true,
          "Front - Rear": [
            1,
            "F"
          ],
          "Left - Right": [
            2,
            "R"
          ],
          "Thin": true
        },
        "manual": true,
        "box2d": null,
        "poly2d": [
          {
            "vertices": [
              [
                12.224264705882318,
                190.11948529411765
              ],
              [
                28.63051470588232,
                175.6433823529412
              ],
              [
                59.51286764705879,
                160.20220588235296
              ],
              [
                93.29044117647057,
                159.2371323529412
              ],
              [
                143.47426470588232,
                171.78308823529414
              ],
              [
                212.9595588235294,
                182.39889705882354
              ],
              [
                261.2132352941176,
                188.18933823529414
              ],
              [
                290.16544117647055,
                187.22426470588238
              ],
              [
                307.5367647058823,
                203.63051470588238
              ],
              [
                339.38419117647055,
                211.3511029411765
              ],
              [
                396.3235294117647,
                217.14154411764707
              ],
              [
                443.61213235294116,
                219.0716911764706
              ],
              [
                497.65625,
                221.9669117647059
              ],
              [
                569.0716911764706,
                222.93198529411765
              ],
              [
                615.3952205882354,
                216.1764705882353
              ],
              [
                626.9761029411765,
                202.6654411764706
              ],
              [
                653.0330882352941,
                228.72242647058826
              ],
              [
                667.5091911764706,
                226.79227941176472
              ],
              [
                699.9999999999999,
                199.7702205882353
              ],
              [
                699.9999999999999,
                305.92830882352945
              ],
              [
                658.8235294117648,
                356.1121323529412
              ],
              [
                625.0459558823529,
                385.06433823529414
              ],
              [
                577.7573529411765,
                414.98161764705884
              ],
              [
                531.4338235294118,
                434.28308823529414
              ],
              [
                475.4595588235294,
                451.6544117647059
              ],
              [
                388.6029411764706,
                463.2352941176471
              ],
              [
                314.2922794117647,
                466.1305147058824
              ],
              [
                277.6194852941176,
                462.2702205882353
              ],
              [
                230.33088235294116,
                454.5496323529412
              ],
              [
                176.28676470588232,
                440.07352941176475
              ],
              [
                164.70588235294116,
                392.7849264705883
              ],
              [
                81.70955882352938,
                269.2555147058824
              ]
            ],
            "types": "LLLLLLLLLLLLLLLLLLLLLLLLLLLLLLLL",
            "closed": true
          }
        ],
        "box3d": null
      },
      {
        "id": 14,
        "category": "scratch",
        "attributes": {
          "Big": false,
          "Damaged": false,
          "Front - Rear": [
            0,
            "NA"
          ],
          "Left - Right": [
            0,
            "NA"
          ],
          "Thin": false
        },
        "manual": true,
        "box2d": null,
        "poly2d": [
          {
            "vertices": [
              [
                526.544433727599,
                273.34840841460647
              ],
              [
                537.2900477626868,
                257.997531221624
              ],
              [
                560.3163635521604,
                264.137882098817
              ],
              [
                566.4567144293534,
                274.8834961339047
              ],
              [
                612.5093460083008,
                270.27823297601
              ],
              [
                612.5093460083008,
                284.09402244969414
              ],
              [
                603.2988196925113,
                314.79577683565907
              ],
              [
                586.4128547802305,
                337.82209262513277
              ],
              [
                558.7812758328622,
                345.497531221624
              ],
              [
                506.5882933767218,
                342.4273557830275
              ],
              [
                462.07074951707267,
                343.96244350232575
              ],
              [
                414.4830302188271,
                340.89226806372926
              ],
              [
                376.1058372363709,
                340.89226806372926
              ],
              [
                380.71110039426566,
                328.6115663093433
              ],
              [
                400.66724074514286,
                328.6115663093433
              ],
              [
                439.044433727599,
                333.21682946723803
              ],
              [
                475.8865389907569,
                337.82209262513277
              ],
              [
                514.263731973213,
                334.7519171865363
              ],
              [
                540.3602232012832,
                328.6115663093433
              ],
              [
                549.5707495170727,
                317.86595227425556
              ],
              [
                549.5707495170727,
                297.90981192337836
              ],
              [
                521.9391705697043,
                282.55893473039595
              ]
            ],
            "types": "LLLLLLLLLLLLLLLLLLLLLL",
            "closed": true
          }
        ],
        "box3d": null
      }
    ]
  },
  {
    "name": "https://s3.amazonaws.com/mc-imt/vehicle/2019X8297/detail_damage1/16916/medium/1F761754-B9A1-40B2-94D1-DAAAD1F5A0F0.jpeg",
    "url": "https://s3.amazonaws.com/mc-imt/vehicle/2019X8297/detail_damage1/16916/medium/1F761754-B9A1-40B2-94D1-DAAAD1F5A0F0.jpeg",
    "videoName": "",
    "attributes": null,
    "timestamp": 10000,
    "index": 196,
    "labels": [
      {
        "id": 4,
        "category": "bumper",
        "attributes": {
          "Big": false,
          "Damaged": true,
          "Front - Rear": [
            1,
            "F"
          ],
          "Left - Right": [
            2,
            "R"
          ],
          "Thin": true
        },
        "manual": true,
        "box2d": null,
        "poly2d": [
          {
            "vertices": [
              [
                0,
                70.45036764705883
              ],
              [
                67.23345588235291,
                75.27573529411765
              ],
              [
                87.49999999999997,
                104.2279411764706
              ],
              [
                134.78860294117644,
                122.56433823529413
              ],
              [
                242.8768382352941,
                144.76102941176472
              ],
              [
                390.5330882352941,
                166.9577205882353
              ],
              [
                484.1452205882353,
                176.60845588235296
              ],
              [
                531.4338235294118,
                179.50367647058826
              ],
              [
                545.9099264705883,
                159.2371323529412
              ],
              [
                571.9669117647059,
                192.0496323529412
              ],
              [
                588.3731617647059,
                208.4558823529412
              ],
              [
                620.2205882352941,
                213.28125000000003
              ],
              [
                699.9999999999999,
                190.11948529411765
              ],
              [
                699.9999999999999,
                339.7058823529412
              ],
              [
                614.4301470588235,
                392.7849264705883
              ],
              [
                570.0367647058823,
                415.9466911764706
              ],
              [
                502.48161764705884,
                449.7242647058824
              ],
              [
                421.4154411764706,
                470.9558823529412
              ],
              [
                318.15257352941177,
                491.2224264705883
              ],
              [
                216.81985294117646,
                491.2224264705883
              ],
              [
                151.19485294117644,
                485.4319852941177
              ],
              [
                99.08088235294115,
                467.09558823529414
              ],
              [
                31.525735294117613,
                437.17830882352945
              ],
              [
                0,
                417.87683823529414
              ]
            ],
            "types": "LLLLLLLLLLLLLLLLLLLLLLLL",
            "closed": true
          }
        ],
        "box3d": null
      },
      {
        "id": 5,
        "category": "scratch",
        "attributes": {
          "Big": false,
          "Damaged": false,
          "Front - Rear": [
            0,
            "NA"
          ],
          "Left - Right": [
            0,
            "NA"
          ],
          "Thin": false
        },
        "manual": true,
        "box2d": null,
        "poly2d": [
          {
            "vertices": [
              [
                93.29044117647057,
                122.56433823529413
              ],
              [
                106.80147058823526,
                172.74816176470588
              ],
              [
                108.7316176470588,
                209.42095588235296
              ],
              [
                130.9283088235294,
                253.81433823529414
              ],
              [
                164.70588235294116,
                294.34742647058823
              ],
              [
                189.79779411764704,
                310.7536764705883
              ],
              [
                315.25735294117646,
                336.8106617647059
              ],
              [
                412.7297794117647,
                336.8106617647059
              ],
              [
                427.20588235294116,
                331.0202205882353
              ],
              [
                433.96139705882354,
                348.3915441176471
              ],
              [
                460.9834558823529,
                351.2867647058824
              ],
              [
                482.21507352941177,
                344.53125
              ],
              [
                496.69117647058823,
                326.1948529411765
              ],
              [
                513.0974264705883,
                294.34742647058823
              ],
              [
                516.9577205882352,
                253.81433823529414
              ],
              [
                491.8658088235294,
                254.7794117647059
              ],
              [
                451.3327205882353,
                251.8841911764706
              ],
              [
                425.2757352941176,
                241.2683823529412
              ],
              [
                395.3584558823529,
                221.9669117647059
              ],
              [
                375.09191176470586,
                240.30330882352942
              ],
              [
                410.79963235294116,
                260.56985294117646
              ],
              [
                399.21875,
                264.43014705882354
              ],
              [
                351.93014705882354,
                272.1507352941177
              ],
              [
                303.6764705882353,
                265.3952205882353
              ],
              [
                250.59742647058823,
                249.95404411764707
              ],
              [
                190.7628676470588,
                229.68750000000003
              ],
              [
                132.85845588235293,
                203.63051470588238
              ],
              [
                127.06801470588233,
                142.8308823529412
              ],
              [
                112.59191176470586,
                123.5294117647059
              ]
            ],
            "types": "LLLLLLLLLLLLLLLLLLLLLLLLLLLLL",
            "closed": true
          }
        ],
        "box3d": null
      }
    ]
  }
]